"site_id","latitude","longitude","source_dataset_id","qc_flag","harmonized_location_uuid","latitude_harmonized","longitude_harmonized","n_records_in_uuid","n_datasets_in_uuid"
"high_conifer",38.9314213,-106.98524,"ess-dive-18e91eb74405882-20241017T173226640",NA,"d056fc12-7cc4-436f-aee1-cb02fbdc449e",38.9314213,-106.98524,1,1
"low_aspen",38.9261964,-106.97144,"ess-dive-18e91eb74405882-20241017T173226640",NA,"c89da75b-748d-447e-841d-1b2382d66a94",38.9261964,-106.97144,1,1
"middle_aspen",38.9283998,-106.97812,"ess-dive-18e91eb74405882-20241017T173226640",NA,"29ee28ea-0f43-44a0-be3a-eeff39e22f1d",38.9283998,-106.97812,1,1
"middle_conifer",38.9274479,-106.97852,"ess-dive-18e91eb74405882-20241017T173226640",NA,"71fc9bdc-641f-4799-8c88-ea1865b13367",38.9274479,-106.97852,1,1
"BM",38.98715,-107.003863,"ess-dive-38e901ec3d7bd24-20230504T211548257225",NA,"14c81ef7-d65d-4d4b-bb95-05e642b685a4",38.98715,-107.003863,1,1
"001-ER18",38.9572334526426,-106.986112714284,"ess-dive-460e696d8210ed3-20260309T155937802",NA,"54ba3b03-ed06-4777-9625-9329032ca0c8",38.9572312263213,-106.986106357142,2,2
"002-ER18",38.9572908078806,-106.986115077587,"ess-dive-460e696d8210ed3-20260309T155937802",NA,"159c389f-9931-4c05-879e-35a19ae44bc4",38.9572894039403,-106.986107538794,2,2
"003-ER18",38.957370969755,-106.986169742604,"ess-dive-460e696d8210ed3-20260309T155937802",NA,"f3e688ea-b4d6-4371-bc02-66c50d0fceb6",38.9573694848775,-106.986164871302,2,2
"004-ER18",38.9574776788411,-106.986115206869,"ess-dive-460e696d8210ed3-20260309T155937802",NA,"c991595a-aa14-42a3-a5bb-fe1fdfb6ca86",38.9574773394205,-106.986112603434,2,2
"005-ER18",38.957466360459,-106.986245489768,"ess-dive-460e696d8210ed3-20260309T155937802",NA,"199252be-98e9-4a4d-aa6d-24ab55d5fa62",38.9574636802295,-106.986237744884,2,2
"006-ER18",38.9578728186652,-106.984847548121,"ess-dive-460e696d8210ed3-20260309T155937802",NA,"0a8679b3-ff30-4bee-b90f-ec5151f37766",38.9578704093326,-106.98483877406,2,2
"007-ER18",38.9578298380457,-106.98476819885,"ess-dive-460e696d8210ed3-20260309T155937802",NA,"4549badb-72f6-48b0-8593-eb5dcdbf179d",38.9578269190228,-106.984759099425,2,2
"008-ER18",38.9578244379849,-106.984847282684,"ess-dive-460e696d8210ed3-20260309T155937802",NA,"6d075119-a228-4a4c-ac0d-fbd813808d2a",38.9578237189924,-106.984838641342,2,2
"009-ER18",38.9579407832304,-106.984517573274,"ess-dive-460e696d8210ed3-20260309T155937802",NA,"2ee8ad9f-87a6-4ac6-920c-298684e498db",38.9579388916152,-106.984508786637,2,2
"010-ER18",38.9218914932339,-106.951900616705,"ess-dive-460e696d8210ed3-20260309T155937802",NA,"d1ad3eb0-fdab-4432-bd0d-3afed7e01b33",38.921891246617,-106.951895308353,2,2
"011-ER18",38.9218756109471,-106.952122909574,"ess-dive-460e696d8210ed3-20260309T155937802",NA,"692c3443-8209-47d8-89f8-80f0d1538bbe",38.9218748054735,-106.952116454787,2,2
"012-ER18",38.9218265733752,-106.952210356667,"ess-dive-460e696d8210ed3-20260309T155937802",NA,"718ccd11-cbac-404a-8674-6eaf52c5040c",38.9218272866876,-106.952205178334,2,2
"013-ER18",38.9216636966459,-106.952418572816,"ess-dive-460e696d8210ed3-20260309T155937802",NA,"3b4a60a3-5a73-4b3e-8dcc-6b0873d9bdf4",38.921662848323,-106.952414286408,2,2
"014-ER18",38.9217734900019,-106.952658094309,"ess-dive-460e696d8210ed3-20260309T155937802",NA,"d12cc8cc-7aaa-4ffe-b8c8-85171d97eb0d",38.9217742450009,-106.952654047155,2,2
"015-ER18",38.9215807819915,-106.952629753297,"ess-dive-460e696d8210ed3-20260309T155937802",NA,"07630688-b9c1-4721-b238-61265fc54b18",38.9215813909958,-106.952624876648,2,2
"016-ER18",38.9215854129897,-106.952773009356,"ess-dive-460e696d8210ed3-20260309T155937802",NA,"9e6468a5-60af-40b6-8281-0661aeb0943d",38.9215847064949,-106.952766504678,2,2
"017-ER18",38.9215322418267,-106.952676681834,"ess-dive-460e696d8210ed3-20260309T155937802",NA,"7a7d51fb-deef-4498-92fb-104c9186e024",38.9215316209133,-106.952673340917,2,2
"018-ER18",38.9215509038164,-106.953031423131,"ess-dive-460e696d8210ed3-20260309T155937802",NA,"a2ff3c85-574d-43d0-8460-49e0f60e64ba",38.9215514519082,-106.953025711565,2,2
"019-ER18",38.9215169496703,-106.952825931411,"ess-dive-460e696d8210ed3-20260309T155937802",NA,"027d8f91-23e7-461e-b7f8-1656da513153",38.9215184748352,-106.952822965706,2,2
"021-ER18",38.9569092660056,-106.987498740913,"ess-dive-460e696d8210ed3-20260309T155937802",NA,"cd3f5ec3-1068-4543-8a70-0889efc7f060",38.9569096330028,-106.987494370456,2,2
"022-ER18",38.9569785385752,-106.987420369915,"ess-dive-460e696d8210ed3-20260309T155937802",NA,"53fc55cf-061c-421a-a77b-a45d8f846a02",38.9569757692876,-106.987415184957,2,2
"023-ER18",38.9570953827484,-106.98685546264,"ess-dive-460e696d8210ed3-20260309T155937802",NA,"4052d537-5b64-44c8-9e0f-7271acebf3d9",38.9570931913742,-106.98684773132,2,2
"024-ER18",38.9570366633494,-106.986737441393,"ess-dive-460e696d8210ed3-20260309T155937802",NA,"c6ec0419-2504-4d78-a1ae-03f7edd5430f",38.9570353316747,-106.986728720697,2,2
"026-ER18",38.9565165183783,-106.986482373962,"ess-dive-460e696d8210ed3-20260309T155937802",NA,"9e83e5b6-f385-4a7b-9c26-a6841f892ba2",38.9565137591891,-106.986471186981,2,2
"027-ER18",38.9568277834773,-106.986204241718,"ess-dive-460e696d8210ed3-20260309T155937802",NA,"c77c537c-e484-4adf-985a-e660f2f501d5",38.9568248917386,-106.986197120859,2,2
"028-ER18",38.9567687827113,-106.986123880015,"ess-dive-460e696d8210ed3-20260309T155937802",NA,"3a7efc7d-f7dc-48de-8b70-da3c3a61794c",38.9567668913556,-106.986116940007,2,2
"029-ER18",38.9567030083321,-106.985769197878,"ess-dive-460e696d8210ed3-20260309T155937802",NA,"60b3f1fa-2f9b-4d83-b3db-f089d98c4735",38.956701004166,-106.985759598939,2,2
"030-ER18",38.9567071174329,-106.985940680817,"ess-dive-460e696d8210ed3-20260309T155937802",NA,"492f9939-e36b-43af-a410-4a9d221abdbf",38.9567060587164,-106.985935340409,2,2
"031-ER18",38.9570899988817,-106.986123894973,"ess-dive-460e696d8210ed3-20260309T155937802",NA,"999838ec-9cd5-459c-b993-a6bf53be1536",38.9571049994409,-106.986136947487,2,2
"033-ER18",38.9217080067399,-106.953561235041,"ess-dive-460e696d8210ed3-20260309T155937802",NA,"65519eae-cbcf-4664-93db-d5f85fa3f0aa",38.92171400337,-106.95356061752,2,2
"034-ER18",38.9218688740932,-106.953769206058,"ess-dive-460e696d8210ed3-20260309T155937802",NA,"7328c326-1803-49da-a281-8e5244e097cb",38.9218669370466,-106.953764603029,2,2
"035-ER18",38.9206532304463,-106.951440756664,"ess-dive-460e696d8210ed3-20260309T155937802",NA,"24138e23-559b-4c99-806f-714fe2a823f6",38.9206561152232,-106.951445378332,2,2
"036-ER18",38.9206015845796,-106.951474070787,"ess-dive-460e696d8210ed3-20260309T155937802",NA,"4ee7d803-ab76-47a0-92de-6232c6000fac",38.9206032922898,-106.951472035393,2,2
"037-ER18",38.9204511346279,-106.951343361295,"ess-dive-460e696d8210ed3-20260309T155937802",NA,"2a7e8863-e052-4b89-b6d0-9a3919111ba3",38.920452567314,-106.951341680648,2,2
"038-ER18",38.9203860980683,-106.951353044206,"ess-dive-460e696d8210ed3-20260309T155937802",NA,"2708a066-c2d9-48ae-8061-89fe20799424",38.9203780490341,-106.951351522103,2,2
"039-ER18",38.9206022634711,-106.951627443835,"ess-dive-460e696d8210ed3-20260309T155937802",NA,"e3bf2cb6-9ab5-4e8b-b086-d8df1fffce83",38.9206026317355,-106.951628721918,2,2
"040-ER18",38.9206172121575,-106.951530970166,"ess-dive-460e696d8210ed3-20260309T155937802",NA,"807bf431-48b4-4246-a76f-5d3fedf4219d",38.9206246060787,-106.951535485083,2,2
"042-ER18",38.9199228531074,-106.951505230416,"ess-dive-460e696d8210ed3-20260309T155937802",NA,"93215534-240c-4243-b9c3-77a0e0265cd9",38.9199049265537,-106.951522615208,2,2
"043-ER18",38.9272695942475,-106.980446653335,"ess-dive-460e696d8210ed3-20260309T155937802",NA,"b87e8520-9aa5-4454-b841-693d59e90737",38.9272707971238,-106.980453326667,2,2
"044-ER18",38.9209933431669,-106.95094129111,"ess-dive-460e696d8210ed3-20260309T155937802",NA,"e59684e9-46b0-461d-a7b0-9b6348208761",38.9209931715834,-106.950935645555,2,2
"045-ER18",38.9209178147384,-106.950813222535,"ess-dive-460e696d8210ed3-20260309T155937802",NA,"c2556840-6176-414a-acf4-07346a4f3686",38.9209298074552,-106.950809080771,4,2
"046-ER18",38.9208676335938,-106.950979912504,"ess-dive-460e696d8210ed3-20260309T155937802",NA,"98a47278-30c3-44e4-850c-4337cb005370",38.9208668167969,-106.950974956252,2,2
"047-ER18",38.9209424150822,-106.950813100549,"ess-dive-460e696d8210ed3-20260309T155937802",NA,"c2556840-6176-414a-acf4-07346a4f3686",38.9209298074552,-106.950809080771,4,2
"048-ER18",38.9207660264391,-106.950924233284,"ess-dive-460e696d8210ed3-20260309T155937802",NA,"49a5110d-f25a-4915-9746-9c567ec39f9f",38.9207670132195,-106.950917116642,2,2
"050-ER18",38.9205979752581,-106.950876192098,"ess-dive-460e696d8210ed3-20260309T155937802",NA,"4a2ead6e-e703-46e7-88c8-b3ea8cc959f7",38.920597987629,-106.950873096049,2,2
"051-ER18",38.920702077937,-106.951181423253,"ess-dive-460e696d8210ed3-20260309T155937802",NA,"bf6e5600-d19c-4c00-ac7a-cee122e80259",38.9207015389685,-106.951175711627,2,2
"052-ER18",38.9208693862715,-106.950869682198,"ess-dive-460e696d8210ed3-20260309T155937802",NA,"9668f963-4da5-45cd-9a60-e58f5c641132",38.9208686931357,-106.950864841099,2,2
"053-ER18",38.9208497425856,-106.95135477917,"ess-dive-460e696d8210ed3-20260309T155937802",NA,"8e838e01-99c7-4ee8-9a17-5a9fbde499d1",38.9208503712928,-106.951352389585,2,2
"054-ER18",38.9208294748632,-106.951192779969,"ess-dive-460e696d8210ed3-20260309T155937802",NA,"eea4e215-68f8-4eb7-b264-55e4c89292b8",38.9208302374316,-106.951186389984,2,2
"055-ER18",38.9230038121403,-106.950004112232,"ess-dive-460e696d8210ed3-20260309T155937802",NA,"b9026321-8240-41ec-986a-32445cb155de",38.9230039060702,-106.949997056116,2,2
"056-ER18",38.9230823301024,-106.949662117708,"ess-dive-460e696d8210ed3-20260309T155937802",NA,"a5b1d03d-c2b7-4be4-b0f8-65c033665aff",38.9230821650512,-106.949656058854,2,2
"057-ER18",38.9224760004219,-106.950100239793,"ess-dive-460e696d8210ed3-20260309T155937802",NA,"8fe664dc-5fc9-43d1-9e83-1e1db5ee01f9",38.922478000211,-106.950095119897,2,2
"058-ER18",38.9220081328533,-106.950189460711,"ess-dive-460e696d8210ed3-20260309T155937802",NA,"2ba85ea7-e590-4fe8-8aa1-e047f48ce776",38.9220090664267,-106.950184730356,2,2
"059-ER18",38.9220204637703,-106.950357392795,"ess-dive-460e696d8210ed3-20260309T155937802",NA,"094fa906-a33a-48d4-a615-22b66e6e11ac",38.9220202318852,-106.950353696397,2,2
"060-ER18",38.9217672915507,-106.9505341548,"ess-dive-460e696d8210ed3-20260309T155937802",NA,"fc25c2c2-7a46-4aa8-8615-a94512b103b2",38.9217681457753,-106.9505270774,2,2
"061-ER18",38.9215334448443,-106.951748366076,"ess-dive-460e696d8210ed3-20260309T155937802",NA,"a3c9f3d7-86c9-4126-9cc2-a0ac3b274240",38.9215332224221,-106.951744183038,2,2
"062-ER18",38.9212539425025,-106.951468244008,"ess-dive-460e696d8210ed3-20260309T155937802",NA,"50f3b0fb-291e-4ab6-98df-52170951cd41",38.9212539712512,-106.951464122004,2,2
"063-ER18",38.9211802040872,-106.951658833546,"ess-dive-460e696d8210ed3-20260309T155937802",NA,"37ad8f8a-6a61-4327-9035-2ff390938f1d",38.9211816020436,-106.951654416773,2,2
"064-ER18",38.9205350040132,-106.951150386521,"ess-dive-460e696d8210ed3-20260309T155937802",NA,"99235d89-3f9a-4856-81c6-29203eaf5c01",38.9205448888489,-106.951159573922,3,3
"065-ER18",38.9272695644712,-106.979189756427,"ess-dive-460e696d8210ed3-20260309T155937802",NA,"dc5e37ec-b739-4db2-8e40-4bb2c743a0f2",38.9272677822356,-106.979179878214,2,2
"066-ER18",38.9272454056397,-106.979349781385,"ess-dive-460e696d8210ed3-20260309T155937802",NA,"85fc426c-451a-4253-942b-ca5d204111ca",38.9272432028199,-106.979339890693,2,2
"067-ER18",38.927048508706,-106.97925541783,"ess-dive-460e696d8210ed3-20260309T155937802",NA,"0e581682-09fc-4b51-affb-a551579435a8",38.927043754353,-106.979247708915,2,2
"068-ER18",38.9271207663883,-106.979377899656,"ess-dive-460e696d8210ed3-20260309T155937802",NA,"f4de2f98-5e6a-40ed-bece-2f6b1feb0e36",38.9271173831942,-106.979368949828,2,2
"069-ER18",38.9272431722035,-106.979428331509,"ess-dive-460e696d8210ed3-20260309T155937802",NA,"4bd5d3cf-50e3-42e2-b82c-112c4e48cf76",38.9272390861017,-106.979419165755,2,2
"070-ER18",38.9271692308466,-106.979521971555,"ess-dive-460e696d8210ed3-20260309T155937802",NA,"750737ff-ea2a-4bd3-9cbf-fba8fa78bdb5",38.9271651154233,-106.979510985777,2,2
"071-ER18",38.9269039263589,-106.97350248899,"ess-dive-460e696d8210ed3-20260309T155937802",NA,"5bcd5feb-558c-4175-961f-7219928fe34b",38.9269029631794,-106.973511244495,2,2
"072-ER18",38.9269911461063,-106.973497177977,"ess-dive-460e696d8210ed3-20260309T155937802",NA,"ea255ab2-3665-46cc-8745-0e9d82a6dd1e",38.9269915730532,-106.973503588989,2,2
"073-ER18",38.926897060301,-106.973647410576,"ess-dive-460e696d8210ed3-20260309T155937802",NA,"9f2c8bbd-16be-4989-80a9-f2456d4a10c4",38.9268980301505,-106.973653705288,2,2
"074-ER18",38.9270838629184,-106.973177455573,"ess-dive-460e696d8210ed3-20260309T155937802",NA,"196488e6-9f58-4af1-b5ef-38830c4f01fa",38.9270834314592,-106.973183727787,2,2
"075-ER18",38.9270505706905,-106.973020197016,"ess-dive-460e696d8210ed3-20260309T155937802",NA,"0ed09895-97c3-4954-88ff-95194dd0f7d7",38.9270702767195,-106.973041024723,4,2
"076-ER18",38.9270905361877,-106.973043901878,"ess-dive-460e696d8210ed3-20260309T155937802",NA,"0ed09895-97c3-4954-88ff-95194dd0f7d7",38.9270702767195,-106.973041024723,4,2
"077-ER18",38.9270256475013,-106.972863551159,"ess-dive-460e696d8210ed3-20260309T155937802",NA,"73b367b0-ce32-4833-92ee-d2a83cbedd3e",38.9270258237507,-106.97287177558,2,2
"078-ER18",38.9270107712737,-106.972752170847,"ess-dive-460e696d8210ed3-20260309T155937802",NA,"0c84876c-6a28-4480-a845-5d91f746ee27",38.9270123856368,-106.972761085423,2,2
"079-ER18",38.9270106486691,-106.972668814481,"ess-dive-460e696d8210ed3-20260309T155937802",NA,"dd307422-6586-4f9f-aca4-efa538b3415e",38.9270395742595,-106.972643500954,6,2
"080-ER18",38.9272494243622,-106.972284906336,"ess-dive-460e696d8210ed3-20260309T155937802",NA,"762dfdf4-5085-465a-a1cb-d572ca490762",38.9272482121811,-106.972292453168,2,2
"081-ER18",38.9270417152026,-106.97263796508,"ess-dive-460e696d8210ed3-20260309T155937802",NA,"dd307422-6586-4f9f-aca4-efa538b3415e",38.9270395742595,-106.972643500954,6,2
"082-ER18",38.9273006282256,-106.972533962277,"ess-dive-460e696d8210ed3-20260309T155937802",NA,"7e064080-44a9-4161-b0e4-92952093351f",38.9273008141128,-106.972541981139,2,2
"083-ER18",38.9270650816852,-106.972604226164,"ess-dive-460e696d8210ed3-20260309T155937802",NA,"dd307422-6586-4f9f-aca4-efa538b3415e",38.9270395742595,-106.972643500954,6,2
"084-ER18",38.927549410198,-106.972416297221,"ess-dive-460e696d8210ed3-20260309T155937802",NA,"5e865870-6c3d-4e1b-8a11-f576dd35cda5",38.927548205099,-106.97242314861,2,2
"085-ER18",38.927724286192,-106.978670806296,"ess-dive-460e696d8210ed3-20260309T155937802",NA,"ec825033-6158-4f39-8d70-e8d5ec331e97",38.927722143096,-106.978665403148,2,2
"086-ER18",38.9278380048765,-106.977952816039,"ess-dive-460e696d8210ed3-20260309T155937802",NA,"684395d5-b1a8-402b-8a68-dd6c671721a3",38.9278350024383,-106.97794640802,2,2
"087-ER18",38.9277535001588,-106.977340691503,"ess-dive-460e696d8210ed3-20260309T155937802",NA,"d471fb04-c756-495f-acf3-4f4f0bd012dd",38.9277482500794,-106.977335345751,2,2
"088-ER18",38.926733456918,-106.977882046841,"ess-dive-460e696d8210ed3-20260309T155937802",NA,"45548dce-726a-48de-9345-64b7511b15a5",38.926731228459,-106.97787602342,2,2
"090-ER18",38.9274580419948,-106.973327839871,"ess-dive-460e696d8210ed3-20260309T155937802",NA,"768dda65-41bb-41c1-bbda-5550b5162e57",38.9274580209974,-106.973333919935,2,2
"091-ER18",38.9279668864342,-106.973043594027,"ess-dive-460e696d8210ed3-20260309T155937802",NA,"7b6ef98d-9536-49f2-9844-31f3f37af521",38.9279669432171,-106.973051797014,2,2
"092-ER18",38.9282009519108,-106.97310889924,"ess-dive-460e696d8210ed3-20260309T155937802",NA,"bf39305d-1448-4c2f-bc4f-e7c51f57a2ae",38.9282014759554,-106.97311444962,2,2
"093-ER18",38.9284660614056,-106.973389796421,"ess-dive-460e696d8210ed3-20260309T155937802",NA,"faf0f89b-a6ad-48b4-a2f6-f30f906d3d24",38.9284645307028,-106.97339489821,2,2
"094-ER18",38.9281316179983,-106.973697609599,"ess-dive-460e696d8210ed3-20260309T155937802",NA,"4b3b1ca9-838d-4389-a388-42707e353279",38.9281298089991,-106.9737038048,2,2
"096-ER18",38.9272234143584,-106.980645850061,"ess-dive-460e696d8210ed3-20260309T155937802",NA,"db5b326b-c72c-4ac2-accb-a0c703017d7d",38.9272342071792,-106.98065292503,2,2
"097-ER18",38.92781945407,-106.98021541652,"ess-dive-460e696d8210ed3-20260309T155937802",NA,"b116db0f-8458-4391-a2a1-9b419994a9f3",38.927813727035,-106.98022270826,2,2
"098-ER18",38.9276924231465,-106.980336671722,"ess-dive-460e696d8210ed3-20260309T155937802",NA,"06eda81d-4449-4001-b803-2bc97b88a61d",38.9277017115732,-106.980333335861,2,2
"099-ER18",38.9279907998575,-106.974224145315,"ess-dive-460e696d8210ed3-20260309T155937802",NA,"3b8d5d43-580f-4eaa-a0bd-492df259fde9",38.9279943999287,-106.974232072658,2,2
"101-ER18",38.927519302537,-106.974223356397,"ess-dive-460e696d8210ed3-20260309T155937802",NA,"903d270e-c6c4-4235-9769-0b492d7236a3",38.9275316512685,-106.974241678198,2,2
"102-ER18",38.9275473338014,-106.973455748785,"ess-dive-460e696d8210ed3-20260309T155937802",NA,"0928796c-20fe-4944-9ff0-3dd23348575b",38.9275471669007,-106.973462874393,2,2
"103-ER18",38.9273246185706,-106.972895044163,"ess-dive-460e696d8210ed3-20260309T155937802",NA,"6bb5929d-e881-4cb9-834b-955fcdc95c5a",38.9273303092853,-106.972902522081,2,2
"104-ER18",38.987085111838,-107.005462137941,"ess-dive-460e696d8210ed3-20260309T155937802",NA,"d6ba036c-947a-4c76-b034-c66dae8dcfa7",38.987083555919,-107.00545606897,2,2
"105-ER18",38.9868417257738,-107.005353257767,"ess-dive-460e696d8210ed3-20260309T155937802",NA,"6612aa43-3c7e-4369-83eb-69b5ca62b077",38.9868413628869,-107.005346628884,2,2
"106-ER18",38.9868504778404,-107.004954215718,"ess-dive-460e696d8210ed3-20260309T155937802",NA,"16a1730e-6dc1-4420-b564-90c27b19db5c",38.9868492389202,-107.004947107859,2,2
"107-ER18",38.986557003093,-107.004724262697,"ess-dive-460e696d8210ed3-20260309T155937802",NA,"53088208-f25e-4e79-a4bf-e3af720552b7",38.9865555015465,-107.004717131348,2,2
"108-ER18",38.9863648198194,-107.004708264958,"ess-dive-460e696d8210ed3-20260309T155937802",NA,"c2cbdf73-1e29-4111-a1b5-bde77001d5ef",38.9863629099097,-107.004704132479,2,2
"109-ER18",38.9860219397343,-107.004888904346,"ess-dive-460e696d8210ed3-20260309T155937802",NA,"81aff787-98b3-4529-8210-d20942e2e4ca",38.9860209698672,-107.004889452173,2,2
"110-ER18",38.9854107517636,-107.004937531197,"ess-dive-460e696d8210ed3-20260309T155937802",NA,"2709a23d-b11f-453a-b360-e5d3dd7794d2",38.9854108758818,-107.004928765598,2,2
"111-ER18",38.9854663937875,-107.004918956022,"ess-dive-460e696d8210ed3-20260309T155937802",NA,"19e15bf7-0c58-4b1c-b2cc-94fb4cf3a45c",38.9854656968937,-107.004914478011,2,2
"112-ER18",38.9862553347874,-107.00548462912,"ess-dive-460e696d8210ed3-20260309T155937802",NA,"f786986c-ba7b-46be-90c3-7b514da6cb60",38.9862541673937,-107.00547731456,2,2
"113-ER18",38.9864265641271,-107.005393490957,"ess-dive-460e696d8210ed3-20260309T155937802",NA,"bbbe2afb-b747-4047-ab5f-35c7ef712b7f",38.9864262820635,-107.005386745479,2,2
"114-ER18",38.9873146052449,-107.004009826279,"ess-dive-460e696d8210ed3-20260309T155937802",NA,"c9267c0e-3a87-49f1-8f01-35b8dea4f9c5",38.9873313026225,-107.00402491314,2,2
"115-ER18",38.9873812678036,-107.003910942719,"ess-dive-460e696d8210ed3-20260309T155937802",NA,"4781b457-5ae7-49de-91de-3abfb8fe0224",38.9873906339018,-107.00392547136,2,2
"117-ER18",38.9884308165567,-107.00561764262,"ess-dive-460e696d8210ed3-20260309T155937802",NA,"25cacf19-54d8-453e-98fe-676e090e3def",38.9884389082784,-107.00561382131,2,2
"118-ER18",38.9892437606047,-107.006547654145,"ess-dive-460e696d8210ed3-20260309T155937802",NA,"601c8638-6118-465b-9230-d007750c2af8",38.9892458803023,-107.006543827073,2,2
"119-ER18",38.9892949772345,-107.006650156024,"ess-dive-460e696d8210ed3-20260309T155937802",NA,"9645ea0a-10b8-4cf5-aa1b-4c819319b923",38.9892914886173,-107.006650078012,2,2
"120-ER18",38.9824286125226,-107.008871954982,"ess-dive-460e696d8210ed3-20260309T155937802",NA,"71e27981-52c3-496e-8683-d34562a371cc",38.9824448062613,-107.008870977491,2,2
"122-ER18",38.9826763999204,-107.010168624557,"ess-dive-460e696d8210ed3-20260309T155937802",NA,"c5d18ff0-c508-4e5a-9068-6e74903eb047",38.9826756999602,-107.010169312278,2,2
"128-ER18",38.9398250420974,-107.013705394088,"ess-dive-460e696d8210ed3-20260309T155937802",NA,"7dc681b2-7d7f-4bc3-af03-5eb319e8ad45",38.9398045210487,-107.013702697044,2,2
"129-ER18",38.9396846639837,-107.01377837472,"ess-dive-460e696d8210ed3-20260309T155937802",NA,"de698d52-1e24-4fc8-b257-daece843c083",38.9396843319918,-107.01377918736,2,2
"130-ER18",38.9372923624233,-107.013479868604,"ess-dive-460e696d8210ed3-20260309T155937802",NA,"5f101a20-cae0-4bf6-b9c0-6977801e7b71",38.9372831812117,-107.013484934302,2,2
"131-ER18",38.9373821039793,-107.012889798195,"ess-dive-460e696d8210ed3-20260309T155937802",NA,"8782d365-da45-4e7f-bc07-8aec6c368123",38.9373835519897,-107.012884899098,2,2
"132-ER18",38.9372981667735,-107.011597061122,"ess-dive-460e696d8210ed3-20260309T155937802",NA,"68dcc484-9ae1-4c27-9126-4cc655190cea",38.9372955833867,-107.011598530561,2,2
"133-ER18",38.9366976870139,-107.011949228144,"ess-dive-460e696d8210ed3-20260309T155937802",NA,"b0383682-8078-4714-983a-c08cc09925f1",38.9367273435069,-107.011949614072,2,2
"134-ER18",38.9370554596833,-107.013146977536,"ess-dive-460e696d8210ed3-20260309T155937802",NA,"8b6f7231-0c0c-41d8-bc30-5232d977e34b",38.9370467298417,-107.013143488768,2,2
"135-ER18",38.9368912969745,-107.012937811749,"ess-dive-460e696d8210ed3-20260309T155937802",NA,"c0abecd4-da8e-447d-b159-d7765dc50f1a",38.9368871484873,-107.012813905875,2,2
"136-ER18",38.9368743813742,-107.012419301468,"ess-dive-460e696d8210ed3-20260309T155937802",NA,"19a3dc70-3793-457c-876a-abd0f4806bd9",38.9368676906871,-107.012414650734,2,2
"137-ER18",38.9363552722755,-107.012640282162,"ess-dive-460e696d8210ed3-20260309T155937802",NA,"6e88480f-0bb6-4f04-8eb2-23537bf88e12",38.9363471361377,-107.012635141081,2,2
"138-ER18",38.9359201780992,-107.012059666292,"ess-dive-460e696d8210ed3-20260309T155937802",NA,"10dcfea4-1749-4595-a8b4-aa04d328a02c",38.9359115890496,-107.012054833146,2,2
"141-ER18",38.9356851706737,-107.013330124429,"ess-dive-460e696d8210ed3-20260309T155937802",NA,"878cf78d-25b6-455d-906f-3432ced337ed",38.9356775853368,-107.013325062215,2,2
"144-ER18",38.9877114442058,-107.002455246389,"ess-dive-460e696d8210ed3-20260309T155937802",NA,"a1e91d6e-14d2-4579-9c6b-638087df7065",38.9877107221029,-107.002447623195,2,2
"145-ER18",38.9878082214118,-107.002481052562,"ess-dive-460e696d8210ed3-20260309T155937802",NA,"d7c30093-eb0d-47a3-a13c-d73998075090",38.9878086107059,-107.002475526281,2,2
"146-ER18",38.9876327041148,-107.002648887096,"ess-dive-460e696d8210ed3-20260309T155937802",NA,"c53d4c46-739d-46e2-8c2c-a38a08715d19",38.9876318520574,-107.002644443548,2,2
"147-ER18",38.9875262547051,-107.002897773766,"ess-dive-460e696d8210ed3-20260309T155937802",NA,"1f5fd109-6cd7-4f78-b18d-3b741f0261b8",38.9875266273526,-107.002888886883,2,2
"148-ER18",38.9872786093733,-107.003104996107,"ess-dive-460e696d8210ed3-20260309T155937802",NA,"e4057885-f8c4-4429-a7ff-7d30151cae71",38.9872773046866,-107.003097498054,2,2
"149-ER18",38.9874498127251,-107.003183156469,"ess-dive-460e696d8210ed3-20260309T155937802",NA,"556f99ae-0d86-47e0-a38e-dd6a84785506",38.9874499063626,-107.003176578235,2,2
"150-ER18",38.9871358596496,-107.00333745641,"ess-dive-460e696d8210ed3-20260309T155937802",NA,"de9ca1b5-7583-4aec-87c7-2c4e384a6949",38.9871364298248,-107.003333728205,2,2
"151-ER18",38.9873372176633,-107.003238964652,"ess-dive-460e696d8210ed3-20260309T155937802",NA,"83e6b168-c1f8-4ca7-8bae-5737380c8a2e",38.9873371088317,-107.003234482326,2,2
"152-ER18",38.9865428265964,-107.004175509234,"ess-dive-460e696d8210ed3-20260309T155937802",NA,"248cfcf3-4038-441e-b8b8-277133514e8d",38.9865419132982,-107.004172754617,2,2
"153-ER18",38.9872484967725,-107.003384122119,"ess-dive-460e696d8210ed3-20260309T155937802",NA,"5166683f-a88a-4f82-80cc-a7f5bcbd43cd",38.9872487483862,-107.00337706106,2,2
"154-ER18",38.9828422014406,-107.00975475844,"ess-dive-460e696d8210ed3-20260309T155937802",NA,"59c704da-0c4c-40ae-9deb-57fb83873e1c",38.9828416007203,-107.00975237922,2,2
"155-ER18",38.9872530631934,-107.003747730079,"ess-dive-460e696d8210ed3-20260309T155937802",NA,"04735c30-2280-47ac-b35e-0a21f6d225eb",38.9872525315967,-107.00373886504,2,2
"156-ER18",38.9828786859292,-107.009598270224,"ess-dive-460e696d8210ed3-20260309T155937802",NA,"c8821263-24d7-4af0-8de3-f12ffd741cbf",38.9828748429646,-107.009594135112,2,2
"157-ER18",38.9828642775862,-107.009461826311,"ess-dive-460e696d8210ed3-20260309T155937802",NA,"b63e548b-5e40-4f67-9839-a958f32ecccf",38.9828616387931,-107.009455913156,2,2
"158-ER18",38.9828982875063,-107.009417581137,"ess-dive-460e696d8210ed3-20260309T155937802",NA,"a9b616d9-1279-4f4f-a989-06317c1000f5",38.9828951437532,-107.009413790569,2,2
"160-ER18",38.9829733081918,-107.009273126191,"ess-dive-460e696d8210ed3-20260309T155937802",NA,"9f1a75ca-a847-49e3-955e-be7dec7a3ab7",38.9829787254514,-107.009241192312,4,2
"161-ER18",38.9829905936138,-107.009221643056,"ess-dive-460e696d8210ed3-20260309T155937802",NA,"9f1a75ca-a847-49e3-955e-be7dec7a3ab7",38.9829787254514,-107.009241192312,4,2
"162-ER18",38.9829992947072,-107.009140202434,"ess-dive-460e696d8210ed3-20260309T155937802",NA,"749e5846-b19d-40bd-8cf0-ae104bf47e57",38.9829976473536,-107.009135101217,2,2
"163-ER18",38.9830671561534,-107.009034737121,"ess-dive-460e696d8210ed3-20260309T155937802",NA,"fbeb9e9b-174c-4303-bd57-5a934bb164d3",38.9830640780767,-107.00903236856,2,2
"164-ER18",38.9374359704987,-107.012410088002,"ess-dive-460e696d8210ed3-20260309T155937802",NA,"5a9c00c7-bdc3-4ac3-a960-8f378bb835a1",38.9374279852494,-107.012405044001,2,2
"165-ER18",38.9373727765018,-107.012364922931,"ess-dive-460e696d8210ed3-20260309T155937802",NA,"e7a3d10b-1502-4c64-abe8-c3e618558731",38.9373648882509,-107.012362461466,2,2
"166-ER18",38.9373302342285,-107.012532895143,"ess-dive-460e696d8210ed3-20260309T155937802",NA,"7b0da768-005f-411f-abd4-df9e154377ea",38.9373246171142,-107.012526447572,2,2
"167-ER18",38.9372580253207,-107.012587256477,"ess-dive-460e696d8210ed3-20260309T155937802",NA,"431dc992-7910-44d2-afb2-a5249a9dce7d",38.9372515126604,-107.012583628239,2,2
"168-ER18",38.9371284304771,-107.012609722558,"ess-dive-460e696d8210ed3-20260309T155937802",NA,"15fcb946-cca2-4d8c-b8cb-3b9649bed4ca",38.9371192152386,-107.012604861279,2,2
"169-ER18",38.937493272829,-107.011788479379,"ess-dive-460e696d8210ed3-20260309T155937802",NA,"06b43a48-a8e4-45eb-bc51-75a3d9313dfc",38.9374846364145,-107.01178423969,2,2
"170-ER18",38.9374376325851,-107.011749389016,"ess-dive-460e696d8210ed3-20260309T155937802",NA,"eb28e46f-36fb-4bc1-bf1e-92432c5d892c",38.9374298162925,-107.011739694508,2,2
"171-ER18",38.9373063187436,-107.011824531067,"ess-dive-460e696d8210ed3-20260309T155937802",NA,"78ba217d-cb61-47dc-ad37-3ecbd9fea2f5",38.9372981593718,-107.011817265533,2,2
"172-ER18",38.9373864448946,-107.011938056611,"ess-dive-460e696d8210ed3-20260309T155937802",NA,"405a076e-b922-4c65-a169-d58377bcec6b",38.9373802224473,-107.011934028306,2,2
"173-ER18",38.937223936669,-107.01205086068,"ess-dive-460e696d8210ed3-20260309T155937802",NA,"08ed0d16-6e8e-47a2-a365-8276e38f4760",38.9372169683345,-107.01204543034,2,2
"174-ER18",38.9363879243105,-107.01192248627,"ess-dive-460e696d8210ed3-20260309T155937802",NA,"49a924fe-945a-4a3c-8cd3-88618f14e748",38.9363809621553,-107.011916243135,2,2
"176-ER18",38.9361829755949,-107.011899549601,"ess-dive-460e696d8210ed3-20260309T155937802",NA,"1b1a8303-3e8a-4054-81d4-1c1bd77b3914",38.9361749877975,-107.0118947748,2,2
"177-ER18",38.8563397191958,-107.097241876272,"ess-dive-460e696d8210ed3-20260309T155937802",NA,"a80a25a8-8e17-4565-85ce-fc51ab98b360",38.8563253595979,-107.097245938136,2,2
"178-ER18",38.8575583965692,-107.09790179803,"ess-dive-460e696d8210ed3-20260309T155937802",NA,"b17587f1-5953-464f-befc-551a48293667",38.8575556982846,-107.097910899015,2,2
"179-ER18",38.8575306470585,-107.09815237202,"ess-dive-460e696d8210ed3-20260309T155937802",NA,"960d3665-7ac1-4bc3-b15b-21f746051a1a",38.8575258235293,-107.09816118601,2,2
"182-ER18",38.9346595287205,-107.012118386062,"ess-dive-460e696d8210ed3-20260309T155937802",NA,"38a406ec-0d7e-45a4-a9fd-e25c63d76f4a",38.9346522643603,-107.012109193031,2,2
"184-ER18",38.8571357148704,-107.091187601239,"ess-dive-460e696d8210ed3-20260309T155937802",NA,"30bcdebe-3f5c-4d28-b314-b842f799bc43",38.8571263574352,-107.091183800619,2,2
"185-ER18",38.8581008133587,-107.0911168078,"ess-dive-460e696d8210ed3-20260309T155937802",NA,"11f37e2f-e9f7-43fe-9a32-ea0d70b2a1ca",38.8580874066794,-107.0911234039,2,2
"186-ER18",38.8583844090534,-107.092180644203,"ess-dive-460e696d8210ed3-20260309T155937802",NA,"4fd7ea22-7ab8-4935-8fb5-167c9b9bc340",38.8583767045267,-107.092160322102,2,2
"187-ER18",38.8579824423291,-107.092603941718,"ess-dive-460e696d8210ed3-20260309T155937802",NA,"06725059-abdb-45f6-b770-34237952ce5b",38.8579707211645,-107.092621970859,2,2
"188-ER18",38.8568276757642,-107.091719482553,"ess-dive-460e696d8210ed3-20260309T155937802",NA,"d91c3fb2-3e8b-4b14-808b-15166f7aaeb5",38.8568233378821,-107.091734741276,2,2
"189-ER18",38.8582736500594,-107.096917817572,"ess-dive-460e696d8210ed3-20260309T155937802",NA,"da88ba9b-4d42-4216-b511-45b163c4d0f6",38.8582688250297,-107.096908908786,2,2
"190-ER18",38.857993082358,-107.096761609136,"ess-dive-460e696d8210ed3-20260309T155937802",NA,"bc6f282f-3043-48e1-9dea-7bb4cb9d64df",38.857988041179,-107.096755804568,2,2
"191-ER18",38.8571342215912,-107.096826873497,"ess-dive-460e696d8210ed3-20260309T155937802",NA,"582d35c5-06a9-4cab-aeff-c8d89dd22b46",38.8571301107956,-107.096823436748,2,2
"192-ER18",38.8567546085992,-107.097088277199,"ess-dive-460e696d8210ed3-20260309T155937802",NA,"7909b76e-d0c1-493a-a418-beca00cb20eb",38.8567428042996,-107.0970941386,2,2
"193-ER18",38.8573097373474,-107.096395639832,"ess-dive-460e696d8210ed3-20260309T155937802",NA,"6018635d-9bac-4670-b40e-efb351946d12",38.8573048686737,-107.096392819916,2,2
"194-ER18",38.8578543865568,-107.095091855571,"ess-dive-460e696d8210ed3-20260309T155937802",NA,"aadfc598-1945-47be-86a3-6e8f09b42644",38.8578476932784,-107.095085927786,2,2
"195-ER18",38.8567967787404,-107.092749719993,"ess-dive-460e696d8210ed3-20260309T155937802",NA,"d4623a4a-75b9-494e-88e8-32093d4ab790",38.8567908893702,-107.092744859997,2,2
"196-ER18",38.8570327845217,-107.09233100283,"ess-dive-460e696d8210ed3-20260309T155937802",NA,"63552b2e-7fdb-4cf3-ad1e-aefa6785071d",38.8570268922608,-107.092325501415,2,2
"197-ER18",38.8567006543254,-107.092100336575,"ess-dive-460e696d8210ed3-20260309T155937802",NA,"bebe2f22-6b33-4e51-bb05-3d691f2dcf91",38.8566963271627,-107.092095168287,2,2
"198-ER18",38.8572680930626,-107.092690167959,"ess-dive-460e696d8210ed3-20260309T155937802",NA,"70b70f6e-308d-4543-a00b-38502c359623",38.8572630465313,-107.09268508398,2,2
"199-ER18",38.8574655248264,-107.097499276667,"ess-dive-460e696d8210ed3-20260309T155937802",NA,"bae9a6e3-32ef-4dbc-93bd-d81004e45a21",38.8574582624132,-107.097494638334,2,2
"200-ER18",38.8575191980008,-107.097365427412,"ess-dive-460e696d8210ed3-20260309T155937802",NA,"7a0204cd-ba1e-4661-a75a-32848ab4d7f6",38.8575135990004,-107.097357713706,2,2
"201-ER18",38.8575763021022,-107.097181020521,"ess-dive-460e696d8210ed3-20260309T155937802",NA,"e4245712-22b8-42d6-b958-868081eb5c29",38.8575706510511,-107.097175510261,2,2
"202-ER18",38.8576620123568,-107.097164720715,"ess-dive-460e696d8210ed3-20260309T155937802",NA,"5175cf9c-4a77-4f33-95b3-64ca065fe6e5",38.8576565061784,-107.097162360358,2,2
"204-ER18",38.856586471691,-107.09239319142,"ess-dive-460e696d8210ed3-20260309T155937802",NA,"805beef6-84d6-4cb5-b25c-4609d57bd5fb",38.8565802358455,-107.09238659571,2,2
"205-ER18",38.8567740131106,-107.092200057054,"ess-dive-460e696d8210ed3-20260309T155937802",NA,"e36ef271-74c0-4fee-b945-5dff205cd1ea",38.8567680065553,-107.092195028527,2,2
"206-ER18",38.8568352343422,-107.092167580407,"ess-dive-460e696d8210ed3-20260309T155937802",NA,"9cf8a9ae-bbac-4a02-bc0d-dd80a466d044",38.8568306171711,-107.092158790203,2,2
"207-ER18",38.8569124556732,-107.09211712339,"ess-dive-460e696d8210ed3-20260309T155937802",NA,"02b40e7b-39f8-4c37-9f64-a9bbbe75ee28",38.8569057278366,-107.092108561695,2,2
"208-ER18",38.8572999041463,-107.09786098894,"ess-dive-460e696d8210ed3-20260309T155937802",NA,"5711fe0e-c62e-4fa1-8839-0fe300b4c878",38.8572934520732,-107.09785549447,2,2
"211-ER18",38.857062002071,-107.091962607363,"ess-dive-460e696d8210ed3-20260309T155937802",NA,"7d47ceb8-4be3-4cfe-96b1-bc9aa18e1453",38.8570560010355,-107.091956303681,2,2
"212-ER18",38.8571279654722,-107.091906841799,"ess-dive-460e696d8210ed3-20260309T155937802",NA,"b8190c54-399d-4ed9-a35e-43b3a7da51a9",38.8571234827361,-107.0919034209,2,2
"213-ER18",38.8571706878557,-107.091860823897,"ess-dive-460e696d8210ed3-20260309T155937802",NA,"dce58624-73a8-4352-b70c-af36950e64ff",38.8571658439278,-107.091855411949,2,2
"214-ER18",38.8572753715735,-107.091766159707,"ess-dive-460e696d8210ed3-20260309T155937802",NA,"8e3e095d-7389-4b41-9252-e1389b977570",38.8572706857868,-107.091758079854,2,2
"215-ER18",38.8573410841189,-107.091709303224,"ess-dive-460e696d8210ed3-20260309T155937802",NA,"d86bf342-2fe2-46f0-ab8f-85ec5a7cb7bc",38.8573355420594,-107.091704651612,2,2
"216-ER18",38.8573976583423,-107.091644504056,"ess-dive-460e696d8210ed3-20260309T155937802",NA,"a4cbcabd-22b1-4531-b474-02025a182bb0",38.8573913291712,-107.091637252028,2,2
"217-ER18",38.8576680826705,-107.091713481741,"ess-dive-460e696d8210ed3-20260309T155937802",NA,"6b547b10-3d1d-48cb-a75f-08f4b0c55e12",38.8576610413352,-107.09170674087,2,2
"218-ER18",38.857780721364,-107.091597246882,"ess-dive-460e696d8210ed3-20260309T155937802",NA,"333b2c6e-f736-420d-8e7a-920830499ed6",38.857774860682,-107.091588623441,2,2
"219-ER18",38.962260190894,-107.030020760778,"ess-dive-460e696d8210ed3-20260309T155937802",NA,"e1db966d-093d-44be-aa53-9e4514973642",38.962253595447,-107.030020380389,2,2
"220-ER18",38.9621998033235,-107.030089170102,"ess-dive-460e696d8210ed3-20260309T155937802",NA,"c5c8c4e8-1751-4072-842c-dfa20304f286",38.9621944016617,-107.030089585051,2,2
"221-ER18",38.9621357185421,-107.030157750735,"ess-dive-460e696d8210ed3-20260309T155937802",NA,"ca10f98a-ecf2-4b17-b6bb-94e91eccc7fc",38.962130359271,-107.030153875368,2,2
"222-ER18",38.9620916599789,-107.030199089792,"ess-dive-460e696d8210ed3-20260309T155937802",NA,"ad0f3cb5-ffce-47e9-a5f8-9637e458c994",38.9620853299894,-107.030199544896,2,2
"223-ER18",38.9619763255597,-107.030188941741,"ess-dive-460e696d8210ed3-20260309T155937802",NA,"a6e6043f-25c2-454e-8160-ddaa68bfafa0",38.9619691627799,-107.030189470871,2,2
"224-ER18",38.9618275924381,-107.030301371985,"ess-dive-460e696d8210ed3-20260309T155937802",NA,"608ec5c4-5f18-4692-b6d6-ed0d0859b364",38.961821296219,-107.030300685993,2,2
"225-ER18",38.9617919280369,-107.030367751433,"ess-dive-460e696d8210ed3-20260309T155937802",NA,"328e113e-27f8-4af1-ab0e-5cd0c3b91c2a",38.9617849640184,-107.030368875717,2,2
"226-ER18",38.9618074311159,-107.030445089832,"ess-dive-460e696d8210ed3-20260309T155937802",NA,"8b71cfbd-d972-4008-ac05-e72f43c3da6c",38.961801215558,-107.030442544916,2,2
"227-ER18",38.961722588822,-107.030500082231,"ess-dive-460e696d8210ed3-20260309T155937802",NA,"8e04b072-45bc-4570-a9e9-31bb1f1e1fcd",38.961717794411,-107.030500041116,2,2
"228-ER18",38.9615882192955,-107.030589644069,"ess-dive-460e696d8210ed3-20260309T155937802",NA,"1e396fce-85c2-4909-906e-46a9baaedfa4",38.9615821096478,-107.030589822035,2,2
"229-ER18",38.9618346118755,-107.029644247943,"ess-dive-460e696d8210ed3-20260309T155937802",NA,"9873ba6f-68ef-4e36-8d1d-c3c8a97d2167",38.9618288059378,-107.029642123971,2,2
"232-ER18",38.9615674541391,-107.02962380096,"ess-dive-460e696d8210ed3-20260309T155937802",NA,"5e7ea318-a651-42b3-b366-9cf1ff0ca542",38.9615278391,-107.029618929474,6,2
"233-ER18",38.9615295431356,-107.029601818763,"ess-dive-460e696d8210ed3-20260309T155937802",NA,"5e7ea318-a651-42b3-b366-9cf1ff0ca542",38.9615278391,-107.029618929474,6,2
"234-ER18",38.9615050373252,-107.029637957119,"ess-dive-460e696d8210ed3-20260309T155937802",NA,"5e7ea318-a651-42b3-b366-9cf1ff0ca542",38.9615278391,-107.029618929474,6,2
"235-ER18",38.9614542507282,-107.029812248627,"ess-dive-460e696d8210ed3-20260309T155937802",NA,"4b5b10d1-9771-4e4a-8123-eb33dc7465bb",38.9614476253641,-107.029811124313,2,2
"236-ER18",38.9608025139794,-107.029663641189,"ess-dive-460e696d8210ed3-20260309T155937802",NA,"146e5f80-54d3-49c6-b207-f933d16e0d4a",38.9607967569897,-107.029661820594,2,2
"237-ER18",38.9606933839543,-107.029680110717,"ess-dive-460e696d8210ed3-20260309T155937802",NA,"3e2dc4e5-beba-4d07-8901-4f8b1da87752",38.9606876919771,-107.029680055358,2,2
"238-ER18",38.9605987933718,-107.029710220616,"ess-dive-460e696d8210ed3-20260309T155937802",NA,"2fb6ef2d-f533-4735-9363-5762867990e1",38.9605928966859,-107.029710110308,2,2
"239-ER18",38.9624261126935,-107.029572901602,"ess-dive-460e696d8210ed3-20260309T155937802",NA,"0c11f9f2-34bb-4852-a0dc-2f7f2b1a114c",38.9624200563468,-107.029571450801,2,2
"240-ER18",38.9625467346179,-107.029786664507,"ess-dive-460e696d8210ed3-20260309T155937802",NA,"95764f20-f134-489e-9b26-3a2475e41f02",38.962541867309,-107.029788332254,2,2
"241-ER18",38.9616238854195,-107.029544546071,"ess-dive-460e696d8210ed3-20260309T155937802",NA,"9e0cd424-643e-4965-9d36-7a79b1b3342e",38.9616179427098,-107.029542273036,2,2
"242-ER18",38.9615030417562,-107.029353861412,"ess-dive-460e696d8210ed3-20260309T155937802",NA,"776c4d1e-ba06-40dc-b137-00efe1c8cdfc",38.9614965208781,-107.029351930706,2,2
"243-ER18",38.9611639211,-107.030098212195,"ess-dive-460e696d8210ed3-20260309T155937802",NA,"8171a856-a14d-4a81-8acd-0d17b2db0c28",38.96115346055,-107.030094106097,2,2
"244-ER18",38.9608254137737,-107.029538548947,"ess-dive-460e696d8210ed3-20260309T155937802",NA,"8e8d4e8d-c187-49d6-80c6-7763d970d6e2",38.9608207068868,-107.029539274474,2,2
"247-ER18",38.9600892255013,-107.029608927213,"ess-dive-460e696d8210ed3-20260309T155937802",NA,"41b3e479-7f22-4567-b0a2-47045a8bcd0b",38.9600891127507,-107.029609463607,2,2
"248-ER18",38.9606517419768,-107.031968723064,"ess-dive-460e696d8210ed3-20260309T155937802",NA,"dede8521-433d-4247-a801-b79e753ff017",38.9606493709884,-107.031969361532,2,2
"249-ER18",38.9615321121597,-107.028583820661,"ess-dive-460e696d8210ed3-20260309T155937802",NA,"0c0a75e3-87f2-4215-8f44-0150b1770a73",38.9615225560798,-107.02859191033,2,2
"250-ER18",38.9615571014286,-107.029017250992,"ess-dive-460e696d8210ed3-20260309T155937802",NA,"0d9346f2-d94c-4ab9-84fb-599abba1c611",38.9615425507143,-107.029013625496,2,2
"251-ER18",38.9618630485671,-107.028620612956,"ess-dive-460e696d8210ed3-20260309T155937802",NA,"e1235f11-694a-4a27-90aa-9aaac867b05b",38.9618590242836,-107.028630306478,2,2
"252-ER18",38.9620887393851,-107.028839101402,"ess-dive-460e696d8210ed3-20260309T155937802",NA,"a1a42632-a9b0-40bc-a308-8460115300e9",38.9620883696926,-107.028839550701,2,2
"253-ER18",38.9621673998645,-107.029362238338,"ess-dive-460e696d8210ed3-20260309T155937802",NA,"742f9aae-93c9-4108-b5ce-0bd0349a19fa",38.9621709455022,-107.029364077802,4,2
"254-ER18",38.9621853821444,-107.029354072871,"ess-dive-460e696d8210ed3-20260309T155937802",NA,"742f9aae-93c9-4108-b5ce-0bd0349a19fa",38.9621709455022,-107.029364077802,4,2
"255-ER18",38.9633735347394,-107.029329619628,"ess-dive-460e696d8210ed3-20260309T155937802",NA,"b4993c30-ab81-4404-b829-3ee05b8855d3",38.9633762673697,-107.029339809814,2,2
"256-ER18",38.9633694798021,-107.028360812979,"ess-dive-460e696d8210ed3-20260309T155937802",NA,"7acf2401-e9c0-42d2-a6eb-76a5704d4712",38.963368739901,-107.02836040649,2,2
"257-ER18",38.9634500766857,-107.027321504031,"ess-dive-460e696d8210ed3-20260309T155937802",NA,"40023bd4-7ae7-4205-9d60-442c44cbd15e",38.9634375383429,-107.027315752015,2,2
"258-ER18",38.9627207752808,-107.029887167785,"ess-dive-460e696d8210ed3-20260309T155937802",NA,"3e55413d-0f39-449d-8973-f3abcd537107",38.9627223876404,-107.029908583893,2,2
"259-ER18",38.9794562016002,-107.040213449943,"ess-dive-460e696d8210ed3-20260309T155937802",NA,"05fa302d-49ae-4595-83be-bfd5bba092ba",38.9794541008001,-107.040206724971,2,2
"260-ER18",38.9797101879041,-107.040471618924,"ess-dive-460e696d8210ed3-20260309T155937802",NA,"1130a443-ee36-4b91-a8eb-e88270500f5f",38.979707093952,-107.040465809462,2,2
"261-ER18",38.9799843084294,-107.040444108589,"ess-dive-460e696d8210ed3-20260309T155937802",NA,"82cd3a7f-ae5f-4aa6-a782-e3633b03777b",38.9799841542147,-107.040437054295,2,2
"263-ER18",38.9802062514161,-107.040293464106,"ess-dive-460e696d8210ed3-20260309T155937802",NA,"55beaa8e-822b-41c8-aa2d-80dd28264e13",38.980204125708,-107.040286732053,2,2
"264-ER18",38.9801468697173,-107.040139186428,"ess-dive-460e696d8210ed3-20260309T155937802",NA,"2b3e6912-8bdf-46f2-97cf-0cf442e9aad5",38.9801444348587,-107.040129593214,2,2
"266-ER18",38.9809153359581,-107.040145041273,"ess-dive-460e696d8210ed3-20260309T155937802",NA,"d2c5e936-a13c-42a9-b176-34c030d840d6",38.980913667979,-107.040137520637,2,2
"268-ER18",38.9812105455184,-107.040328429163,"ess-dive-460e696d8210ed3-20260309T155937802",NA,"3c80e802-a526-4bbb-8480-3430f35797c0",38.9812087727592,-107.040319214582,2,2
"269-ER18",38.9798356748445,-107.037787761945,"ess-dive-460e696d8210ed3-20260309T155937802",NA,"33390b3c-a3e1-416f-936a-6f603bb114a1",38.9798338374222,-107.037778880972,2,2
"270-ER18",38.9798334397662,-107.038111658225,"ess-dive-460e696d8210ed3-20260309T155937802",NA,"cb191c9f-b6c4-4cb5-9d08-f5efa93c7729",38.9798322198831,-107.038105829113,2,2
"271-ER18",38.9793659690338,-107.038370748326,"ess-dive-460e696d8210ed3-20260309T155937802",NA,"74fdec36-a1f2-4537-9028-c3d1eec5efff",38.9793639845169,-107.038365374163,2,2
"272-ER18",38.9793972502697,-107.038235777917,"ess-dive-460e696d8210ed3-20260309T155937802",NA,"bf204c7b-8963-4d87-aa16-7f49e8b39590",38.9793946251348,-107.038227888958,2,2
"273-ER18",38.9794534921493,-107.037744815513,"ess-dive-460e696d8210ed3-20260309T155937802",NA,"7e2bdfc8-f7d7-471b-a565-5fed30c85a18",38.9794341964963,-107.037743197816,4,2
"274-ER18",38.9794192938358,-107.037757975753,"ess-dive-460e696d8210ed3-20260309T155937802",NA,"7e2bdfc8-f7d7-471b-a565-5fed30c85a18",38.9794341964963,-107.037743197816,4,2
"275-ER18",38.9791885633189,-107.037705231733,"ess-dive-460e696d8210ed3-20260309T155937802",NA,"f547c126-a656-4b82-9467-7088053495f7",38.9791867816595,-107.037697615867,2,2
"276-ER18",38.9791189171943,-107.037524552695,"ess-dive-460e696d8210ed3-20260309T155937802",NA,"29a75ef1-97d7-4d22-b9dd-367b8ea4f35e",38.9791174585971,-107.037517276348,2,2
"277-ER18",38.9787907161233,-107.037460357615,"ess-dive-460e696d8210ed3-20260309T155937802",NA,"8e8bd1d0-532c-46b8-b486-369cffcbd135",38.9787893580616,-107.037455178808,2,2
"278-ER18",38.9786033710389,-107.037678328727,"ess-dive-460e696d8210ed3-20260309T155937802",NA,"102cca44-933a-41a0-aa38-3584efba5dd9",38.9786016855195,-107.037674164363,2,2
"279-ER18",38.9785944595496,-107.037383819711,"ess-dive-460e696d8210ed3-20260309T155937802",NA,"6e8241cc-69ad-43d0-b8a3-76a28180c7dc",38.9785932297748,-107.037376909855,2,2
"280-ER18",38.9792520824148,-107.037519701514,"ess-dive-460e696d8210ed3-20260309T155937802",NA,"c4c98423-4e45-43e3-833f-7c239aa007ed",38.9792515412074,-107.037514850757,2,2
"281-ER18",38.9793141790685,-107.037802440217,"ess-dive-460e696d8210ed3-20260309T155937802",NA,"c332a0ba-a17d-462e-9577-faadb12381ad",38.9793140895343,-107.037791220109,2,2
"282-ER18",38.9796644639778,-107.037860956395,"ess-dive-460e696d8210ed3-20260309T155937802",NA,"50f765a7-a6a1-46e4-ae19-d7ee248486ea",38.9796622319889,-107.037855478197,2,2
"283-ER18",38.9805240247935,-107.039913148345,"ess-dive-460e696d8210ed3-20260309T155937802",NA,"5f659bc3-0166-447d-a25b-261faca42289",38.9805220123967,-107.039906574173,2,2
"285-ER18",38.9805096728243,-107.038476684057,"ess-dive-460e696d8210ed3-20260309T155937802",NA,"87137738-86bb-470b-be5a-5a3a0530c020",38.9805093364121,-107.038473342029,2,2
"286-ER18",38.9806635848564,-107.038934457346,"ess-dive-460e696d8210ed3-20260309T155937802",NA,"ee7707e1-4b04-4ff7-86d6-579ee4362f05",38.9806708616188,-107.038931485782,3,2
"288-ER18",38.979680246174,-107.038582029905,"ess-dive-460e696d8210ed3-20260309T155937802",NA,"6350b83e-a226-426a-898c-fec983175223",38.979679623087,-107.038576014952,2,2
"289-ER18",38.9798579070827,-107.036654110551,"ess-dive-460e696d8210ed3-20260309T155937802",NA,"194058b2-098b-4cb1-a7e8-8834902863a0",38.9798644535414,-107.036652055275,2,2
"290-ER18",38.9788995746503,-107.035839103455,"ess-dive-460e696d8210ed3-20260309T155937802",NA,"9222f7b7-d852-4a6c-8fb3-4b55d45cccdc",38.9789057873251,-107.035844551728,2,2
"292-ER18",38.9780641994618,-107.039250967388,"ess-dive-460e696d8210ed3-20260309T155937802",NA,"5aea24d0-a834-4cc1-b0ae-3479b3db44cc",38.9780655997309,-107.039255483694,2,2
"294-ER18",38.9788780239398,-107.035757439345,"ess-dive-460e696d8210ed3-20260309T155937802",NA,"d6505621-b7db-47fc-ada2-81b9354ac4b4",38.9788830119699,-107.035753719672,2,2
"296-ER18",38.9784594564774,-107.039592231133,"ess-dive-460e696d8210ed3-20260309T155937802",NA,"0e5242b4-27c8-4242-94c2-1392e31d3899",38.9784637282387,-107.039596115566,2,2
"297-ER18",38.9771361474145,-107.039632470592,"ess-dive-460e696d8210ed3-20260309T155937802",NA,"aa94a532-e5c0-4a63-ad09-1aed58be82f3",38.9771325737073,-107.039631235296,2,2
"298-ER18",38.9782666545452,-107.040291997735,"ess-dive-460e696d8210ed3-20260309T155937802",NA,"b49f1e93-4165-495e-a658-f7bdaba04e4e",38.9782683272726,-107.040300998868,2,2
"299-ER18",38.9069932210297,-107.027410201767,"ess-dive-460e696d8210ed3-20260309T155937802",NA,"38df0f58-6fa3-46c6-9ff9-408dfaa875fb",38.9070001105149,-107.027405100883,2,2
"300-ER18",38.9076418938431,-107.028093498627,"ess-dive-460e696d8210ed3-20260309T155937802",NA,"95282253-b15f-43af-ae7c-36b96ab25670",38.9076479469215,-107.028091749314,2,2
"301-ER18",38.9083191245983,-107.028647240186,"ess-dive-460e696d8210ed3-20260309T155937802",NA,"929dcdc4-e546-4532-927b-9573b1e45ed7",38.9083200622992,-107.028648620093,2,2
"302-ER18",38.9080376811011,-107.028733166036,"ess-dive-460e696d8210ed3-20260309T155937802",NA,"164e4a2f-f9b0-4bda-8bcc-5f9a4ac8f193",38.9080488405505,-107.028736583018,2,2
"303-ER18",38.9080661483422,-107.028914878986,"ess-dive-460e696d8210ed3-20260309T155937802",NA,"c4b32f61-d18e-4866-bf0d-2de3736a8a0c",38.9080745741711,-107.028917439493,2,2
"306-ER18",38.9070626644445,-107.029283251763,"ess-dive-460e696d8210ed3-20260309T155937802",NA,"024b2fc7-4e07-4ea4-bc5f-5971f16ab2a4",38.9070613322223,-107.029271625882,2,2
"307-ER18",38.9062713213315,-107.028872037619,"ess-dive-460e696d8210ed3-20260309T155937802",NA,"bb0df475-7f8b-4ea1-b08d-0e0be7627cee",38.9062841606657,-107.02886601881,2,2
"308-ER18",38.906569326778,-107.028963321314,"ess-dive-460e696d8210ed3-20260309T155937802",NA,"f5d1e381-98fa-4a6f-b13a-e5488f195b92",38.906569663389,-107.028961660657,2,2
"309-ER18",38.9093906099608,-107.028197307024,"ess-dive-460e696d8210ed3-20260309T155937802",NA,"507a59dc-fb4d-4384-87f6-c9c490f3e9f5",38.9093903049804,-107.028188653512,2,2
"310-ER18",38.9094786074184,-107.028318455688,"ess-dive-460e696d8210ed3-20260309T155937802",NA,"b3c374e5-094b-44ee-a784-6f8b292dbc0d",38.9094766291216,-107.028333614875,4,2
"311-ER18",38.9094729090681,-107.028356003814,"ess-dive-460e696d8210ed3-20260309T155937802",NA,"b3c374e5-094b-44ee-a784-6f8b292dbc0d",38.9094766291216,-107.028333614875,4,2
"312-ER18",38.90942035497,-107.028673603846,"ess-dive-460e696d8210ed3-20260309T155937802",NA,"0d96e4b4-eb68-4cc8-8f37-2093949570ee",38.909421677485,-107.028666801923,2,2
"313-ER18",38.9097277990061,-107.02863139742,"ess-dive-460e696d8210ed3-20260309T155937802",NA,"30d3adda-8b38-4f2b-82aa-e6ba6ea12f6b",38.909728899503,-107.02862569871,2,2
"314-ER18",38.909653449889,-107.028606296557,"ess-dive-460e696d8210ed3-20260309T155937802",NA,"338f8645-047e-4c71-b27a-43ddc03b90d0",38.9096537249445,-107.028603148279,2,2
"315-ER18",38.909574166839,-107.028439981411,"ess-dive-460e696d8210ed3-20260309T155937802",NA,"0b394119-b45f-4c7a-80ea-e8f55c176944",38.9095750834195,-107.028434990706,2,2
"316-ER18",38.9094572993757,-107.028497232686,"ess-dive-460e696d8210ed3-20260309T155937802",NA,"f234af36-7dac-43f1-b681-55d1d724b069",38.9094571496879,-107.028493616343,2,2
"317-ER18",38.9094128300898,-107.02859333297,"ess-dive-460e696d8210ed3-20260309T155937802",NA,"7303b72c-d111-46cc-a78a-64bf24445582",38.9094139150449,-107.028586666485,2,2
"318-ER18",38.9095676873693,-107.028320288368,"ess-dive-460e696d8210ed3-20260309T155937802",NA,"c89d2e08-77c9-455a-a836-83ace652975e",38.9095683436846,-107.028315144184,2,2
"319-ER18",38.9529458385894,-107.066989926285,"ess-dive-460e696d8210ed3-20260309T155937802",NA,"584cd4d3-ab15-490b-af43-7e3fa50b657a",38.9529489192947,-107.066974963142,2,2
"320-ER18",38.9528871330464,-107.067002875159,"ess-dive-460e696d8210ed3-20260309T155937802",NA,"5c83350f-4a8d-4d79-8041-6c3c1184504c",38.9528890665232,-107.06698143758,2,2
"321-ER18",38.9533534664281,-107.066745414963,"ess-dive-460e696d8210ed3-20260309T155937802",NA,"e84a806f-1633-472c-9cd8-64e5b47fa338",38.953351733214,-107.066742707481,2,2
"322-ER18",38.9534952203109,-107.06691700367,"ess-dive-460e696d8210ed3-20260309T155937802",NA,"581c0564-7133-4908-9eae-241c23821e4a",38.9535056101554,-107.066913501835,2,2
"323-ER18",38.9535484313888,-107.067102290364,"ess-dive-460e696d8210ed3-20260309T155937802",NA,"b1069d24-3804-42ad-a29c-640a97b64744",38.9535582156944,-107.067106145182,2,2
"324-ER18",38.9574546193681,-106.985473754455,"ess-dive-460e696d8210ed3-20260309T155937802",NA,"b3f8b792-d8a0-4770-9406-0c01e41c8bc0",38.957466809684,-106.985481877227,2,2
"325-ER18",38.9579886250268,-106.986101952207,"ess-dive-460e696d8210ed3-20260309T155937802",NA,"89c9df32-4907-4a73-abd4-64d1b474df02",38.9579928125134,-106.986100976104,2,2
"326-ER18",38.9580375326697,-106.984643279545,"ess-dive-460e696d8210ed3-20260309T155937802",NA,"f3cbd296-e9fa-4485-b3ac-a94f6bd0f356",38.9580437663349,-106.984641639772,2,2
"327-ER18",38.9581016645133,-106.984360615382,"ess-dive-460e696d8210ed3-20260309T155937802",NA,"7d62454f-1652-4ab1-ba43-0d722ee5ab00",38.9581013322566,-106.984370307691,2,2
"328-ER18",38.9532113336998,-107.06738854519,"ess-dive-460e696d8210ed3-20260309T155937802",NA,"4ffe3987-0650-4f91-85c6-a140510b402f",38.9532271668499,-107.067399272595,2,2
"329-ER18",38.9532673728112,-107.067327769607,"ess-dive-460e696d8210ed3-20260309T155937802",NA,"43823199-61a0-42d6-a078-d63102bed6ce",38.9532816864056,-107.067328884804,2,2
"330-ER18",38.9536982320585,-107.067882375573,"ess-dive-460e696d8210ed3-20260309T155937802",NA,"9d08ccf5-7d5e-432c-b292-001277f3de7a",38.9537001160293,-107.067896187787,2,2
"332-ER18",38.9535864814422,-107.068071821789,"ess-dive-460e696d8210ed3-20260309T155937802",NA,"3910cd35-ad12-46ae-b463-42a0599782cc",38.9535827407211,-107.068070910895,2,2
"333-ER18",38.9756833429742,-107.06484468072,"ess-dive-460e696d8210ed3-20260309T155937802",NA,"d05f2041-2a03-4622-831d-5575fb773399",38.9756786714871,-107.06485734036,2,2
"334-ER18",38.9528066736726,-107.067231620937,"ess-dive-460e696d8210ed3-20260309T155937802",NA,"16a382a9-1967-417f-9705-e41eeeaf5c16",38.9528038368363,-107.067225810468,2,2
"335-ER18",38.9527664882074,-107.067124834907,"ess-dive-460e696d8210ed3-20260309T155937802",NA,"cae31516-7e25-4e97-aa27-6116beadda5d",38.9527647441037,-107.067117417454,2,2
"336-ER18",38.9528036719202,-107.067060326728,"ess-dive-460e696d8210ed3-20260309T155937802",NA,"09fb3af6-bc68-4ca0-940c-34c1feced756",38.9528018359601,-107.067055163364,2,2
"337-ER18",38.9526655963026,-107.066793013554,"ess-dive-460e696d8210ed3-20260309T155937802",NA,"8bb818c1-81e7-4fc6-8afc-85214c6bcbb8",38.9526632981513,-107.066786506777,2,2
"338-ER18",38.9527531029371,-107.06668011815,"ess-dive-460e696d8210ed3-20260309T155937802",NA,"10341bc4-b8f4-40c3-b79c-44908d5a3b7a",38.9527505514686,-107.066675059075,2,2
"340-ER18",38.9527870873289,-107.06637401311,"ess-dive-460e696d8210ed3-20260309T155937802",NA,"50456938-8aa2-4d47-a111-0be64ce7e51e",38.9527860436644,-107.066367006555,2,2
"341-ER18",38.9529067717801,-107.066377455342,"ess-dive-460e696d8210ed3-20260309T155937802",NA,"2cc5f93f-c142-47ea-af7f-344c7e4c066c",38.95290438589,-107.066373727671,2,2
"342-ER18",38.9530970007377,-107.066279451505,"ess-dive-460e696d8210ed3-20260309T155937802",NA,"b1599ce2-e21e-4987-90ea-2e9790bd5524",38.9530950003688,-107.066274725752,2,2
"343-ER18",38.9530780960312,-107.066141146935,"ess-dive-460e696d8210ed3-20260309T155937802",NA,"b8e435dc-3f4c-4cca-bc8f-349b925aa3bc",38.9530755480156,-107.066135573468,2,2
"344-ER18",38.952735636243,-107.066328392628,"ess-dive-460e696d8210ed3-20260309T155937802",NA,"e87e7ef2-da95-49f4-a3b8-b7930210a343",38.9527338181215,-107.066324196314,2,2
"345-ER18",38.9524486960749,-107.06620435436,"ess-dive-460e696d8210ed3-20260309T155937802",NA,"ef74a613-1c0d-4244-9c42-7d0a42f02a09",38.9524468480375,-107.06619217718,2,2
"346-ER18",38.9524320416551,-107.066717315782,"ess-dive-460e696d8210ed3-20260309T155937802",NA,"92bd307b-f46f-41c6-9bed-d7ff53a386ca",38.9524300208275,-107.066708657891,2,2
"347-ER18",38.9527081543944,-107.067045607975,"ess-dive-460e696d8210ed3-20260309T155937802",NA,"62de070e-e74d-418b-aebe-4686ca2e9b45",38.9527045771972,-107.067042803988,2,2
"348-ER18",38.9537886502071,-107.067752694053,"ess-dive-460e696d8210ed3-20260309T155937802",NA,"fca8510b-38b9-47bf-aab4-39211487d5a0",38.9537858251036,-107.067746347026,2,2
"349-ER18",38.9537870491455,-107.067543081382,"ess-dive-460e696d8210ed3-20260309T155937802",NA,"ca68d94b-6d91-4d81-a425-7332bffeca92",38.9537850245728,-107.067536540691,2,2
"351-ER18",38.98930798301,-107.064043805709,"ess-dive-460e696d8210ed3-20260309T155937802",NA,"7749056e-733f-4788-82af-e9a3620e632c",38.989321491505,-107.064036902854,2,2
"352-ER18",38.9892234159814,-107.064260567253,"ess-dive-460e696d8210ed3-20260309T155937802",NA,"a948bf4d-edb7-4afe-8800-256d1675bf39",38.9892167079907,-107.064270283626,2,2
"354-ER18",38.9539499442612,-107.069124164221,"ess-dive-460e696d8210ed3-20260309T155937802",NA,"b828b494-0d71-462b-ba06-12a731440858",38.9539494721306,-107.06911708211,2,2
"355-ER18",38.953875845203,-107.069263319709,"ess-dive-460e696d8210ed3-20260309T155937802",NA,"982acc99-5ebd-4aa2-be01-24a79803f875",38.9538724226015,-107.069256659854,2,2
"356-ER18",38.9537268902867,-107.069777264131,"ess-dive-460e696d8210ed3-20260309T155937802",NA,"eed4eb93-648a-4613-80c7-291bb854c5ed",38.9537259451433,-107.069773632066,2,2
"357-ER18",38.9534844519631,-107.069750419586,"ess-dive-460e696d8210ed3-20260309T155937802",NA,"11ba09d0-b989-4b1b-8cea-ba44bd581cb7",38.9534812259815,-107.069745209793,2,2
"358-ER18",38.9534463672742,-107.069281520055,"ess-dive-460e696d8210ed3-20260309T155937802",NA,"8e83e955-e9ea-4080-ac08-6275d74ef760",38.9534456836371,-107.069275760027,2,2
"359-ER18",38.953266472422,-107.069843141352,"ess-dive-460e696d8210ed3-20260309T155937802",NA,"24df4d6b-38ed-4e51-a2d1-732056f3d0b7",38.953263236211,-107.069836570676,2,2
"360-ER18",38.9532162048762,-107.068725036495,"ess-dive-460e696d8210ed3-20260309T155937802",NA,"289b30fe-fd94-4217-a5b7-9227a9d172fe",38.9532141024381,-107.068717518247,2,2
"361-ER18",38.953506398765,-107.067592966322,"ess-dive-460e696d8210ed3-20260309T155937802",NA,"c6b80a53-bb52-4d08-af78-4fa473d294d2",38.9535041993825,-107.067586483161,2,2
"362-ER18",38.9536219323005,-107.067708602265,"ess-dive-460e696d8210ed3-20260309T155937802",NA,"1bf5c02d-660f-40a8-ac00-ee8fc439d070",38.9536199661502,-107.067704301132,2,2
"363-ER18",38.9531574777284,-107.067158318144,"ess-dive-460e696d8210ed3-20260309T155937802",NA,"e5320f51-ac23-41d5-8aa1-3203f1d12433",38.9531552388642,-107.067154159072,2,2
"364-ER18",38.9914384015993,-107.065424767786,"ess-dive-460e696d8210ed3-20260309T155937802",NA,"0052100a-d48f-41c2-9e3c-fbb350ab6f0c",38.9914332007996,-107.065417383893,2,2
"365-ER18",38.9915259639975,-107.065242505204,"ess-dive-460e696d8210ed3-20260309T155937802",NA,"e5f97a28-bcfd-4aed-aed2-4040d3dbfc87",38.9915224819988,-107.065231252602,2,2
"366-ER18",38.9916448205657,-107.064921185759,"ess-dive-460e696d8210ed3-20260309T155937802",NA,"62a18d8a-27b7-497c-9361-0c8ee7cf1030",38.9916404102829,-107.06491059288,2,2
"367-ER18",38.9916748931544,-107.064800243259,"ess-dive-460e696d8210ed3-20260309T155937802",NA,"3859a13f-3cb2-43fd-9f2b-3eca7a454bd9",38.9916699465772,-107.06479512163,2,2
"369-ER18",38.991370876912,-107.064663620877,"ess-dive-460e696d8210ed3-20260309T155937802",NA,"73228d9b-61cc-4968-a2ae-6f8fdaa4acbd",38.991365938456,-107.064656810438,2,2
"370-ER18",38.9912328072476,-107.064573940565,"ess-dive-460e696d8210ed3-20260309T155937802",NA,"e17c641c-6560-4822-bc27-5d50cff18fcd",38.9912299036238,-107.064561970282,2,2
"371-ER18",38.9911270870199,-107.064499355485,"ess-dive-460e696d8210ed3-20260309T155937802",NA,"a3a22d82-5b60-409c-9ef9-fabd3fb2fc46",38.99112404351,-107.064489677743,2,2
"374-ER18",38.9907622250424,-107.062683667941,"ess-dive-460e696d8210ed3-20260309T155937802",NA,"466eab9b-18c9-42b5-8f9f-30351da0facd",38.9907591125212,-107.06267683397,2,2
"375-ER18",38.9907164948441,-107.062294092649,"ess-dive-460e696d8210ed3-20260309T155937802",NA,"349aeda6-fac5-4681-85cb-ad13bd6f6f58",38.990712747422,-107.062287046324,2,2
"376-ER18",38.9905662912294,-107.06167257594,"ess-dive-460e696d8210ed3-20260309T155937802",NA,"ce8c58c7-dbcd-47cd-b8e7-672b039c7b99",38.9905621456147,-107.06166628797,2,2
"377-ER18",38.9910281432644,-107.060898098378,"ess-dive-460e696d8210ed3-20260309T155937802",NA,"6f1812d5-96c2-4571-be3c-90ad9d51952f",38.9910250716322,-107.060889049189,2,2
"378-ER18",38.9908358124154,-107.060477900568,"ess-dive-460e696d8210ed3-20260309T155937802",NA,"dfbfae84-3264-4dc7-b540-b7d3e567f859",38.9908334062077,-107.060468950284,2,2
"382-ER18",38.9904517254323,-107.059767967493,"ess-dive-460e696d8210ed3-20260309T155937802",NA,"f7a6fbe8-a86f-4137-9645-19e0662aa97d",38.9904493627161,-107.059758983746,2,2
"383-ER18",38.9903620248461,-107.059607507534,"ess-dive-460e696d8210ed3-20260309T155937802",NA,"a9abca71-32cb-4af8-b896-82c01ac0c991",38.990359012423,-107.059598753767,2,2
"384-ER18",38.9920553293774,-107.064625602985,"ess-dive-460e696d8210ed3-20260309T155937802",NA,"d32d6a2b-cde0-47e3-b0a1-6bf1e6469642",38.9920506646887,-107.064617801493,2,2
"385-ER18",38.9920634060999,-107.064434007982,"ess-dive-460e696d8210ed3-20260309T155937802",NA,"3c4bdbdb-2173-4954-a98c-c54ea035b417",38.99205920305,-107.064427003991,2,2
"386-ER18",38.9924160241661,-107.064084933176,"ess-dive-460e696d8210ed3-20260309T155937802",NA,"77e37e40-1628-435d-a0eb-4087b59b67ff",38.992416012083,-107.064082466588,2,2
"387-ER18",38.9923009095544,-107.063614510139,"ess-dive-460e696d8210ed3-20260309T155937802",NA,"dbff8e26-79ac-4bd3-a61b-5dbb782a85f4",38.9922974547772,-107.06360725507,2,2
"388-ER18",38.9915503141296,-107.063021479092,"ess-dive-460e696d8210ed3-20260309T155937802",NA,"1f136ae9-dd2f-4989-8e5d-84b0dd685e34",38.9915511570648,-107.063020739546,2,2
"390-ER18",38.9906384579263,-107.062355753676,"ess-dive-460e696d8210ed3-20260309T155937802",NA,"92db6d38-8eba-4c27-88c4-70b9ff0aa610",38.9906347289632,-107.062347876838,2,2
"391-ER18",38.9906452111512,-107.061408007209,"ess-dive-460e696d8210ed3-20260309T155937802",NA,"7cb9af4f-811a-4687-909c-a0f285b98816",38.9906421055756,-107.061399003604,2,2
"395-ER18",38.9888128620397,-107.064248221794,"ess-dive-460e696d8210ed3-20260309T155937802",NA,"3411de0e-f2ea-4692-b869-49d3215217ad",38.9888024310198,-107.064244110897,2,2
"396-ER18",38.989281297137,-107.063876676636,"ess-dive-460e696d8210ed3-20260309T155937802",NA,"7a7244db-7ea3-46db-b5f1-e6d07e0845e5",38.9892906485685,-107.063878338318,2,2
"397-ER18",38.9896288144136,-107.063454232841,"ess-dive-460e696d8210ed3-20260309T155937802",NA,"d817d256-223c-41a5-b4a9-819795ea016e",38.9896154072068,-107.06344711642,2,2
"398-ER18",38.9890991621907,-107.063130293844,"ess-dive-460e696d8210ed3-20260309T155937802",NA,"30cacb03-3794-4de7-ac1e-22f6b879c8d5",38.9890945810953,-107.063125146922,2,2
"399-ER18",38.9891934147523,-107.063257268099,"ess-dive-460e696d8210ed3-20260309T155937802",NA,"d32ff819-677e-4314-a567-38d93c7c01b0",38.9891827073762,-107.063253634049,2,2
"400-ER18",38.9759475297781,-107.063805559973,"ess-dive-460e696d8210ed3-20260309T155937802",NA,"e147c0ed-7d98-4191-b766-339324dedea7",38.975943764889,-107.063812779987,2,2
"401-ER18",38.9758214534886,-107.063771275573,"ess-dive-460e696d8210ed3-20260309T155937802",NA,"1fffeae2-a050-4c8e-abd3-29541b511803",38.9758262267443,-107.063775637787,2,2
"402-ER18",38.9758684793436,-107.063537407424,"ess-dive-460e696d8210ed3-20260309T155937802",NA,"f5162a05-1cf1-4dec-b16d-28db8a79260f",38.9758627396718,-107.063528703712,2,2
"403-ER18",38.97599325171,-107.06330414537,"ess-dive-460e696d8210ed3-20260309T155937802",NA,"02f58487-4ccd-4978-8cd1-17479cdc0c6a",38.975993625855,-107.063307072685,2,2
"404-ER18",38.9757009237972,-107.065704088199,"ess-dive-460e696d8210ed3-20260309T155937802",NA,"de11b47c-d9ae-4b12-8d24-9a7ccdef4897",38.9756964618986,-107.0656920441,2,2
"406-ER18",38.9755409071271,-107.065668260079,"ess-dive-460e696d8210ed3-20260309T155937802",NA,"2e73f910-5345-436c-90f8-e0c3204b085e",38.9755359535636,-107.065654130039,2,2
"407-ER18",38.9752293656457,-107.065600429446,"ess-dive-460e696d8210ed3-20260309T155937802",NA,"4b67f5e7-83c4-46b1-9615-72b72222d60d",38.9752251828229,-107.065590214723,2,2
"408-ER18",38.9750796952823,-107.065641789204,"ess-dive-460e696d8210ed3-20260309T155937802",NA,"f3d2cde8-eccd-4b14-9a2c-578490d58256",38.9750753476412,-107.065630894602,2,2
"409-ER18",38.9749848868696,-107.065536152845,"ess-dive-460e696d8210ed3-20260309T155937802",NA,"b21f738a-461b-414a-85ec-077b721be2e5",38.9749794434348,-107.065523076422,2,2
"410-ER18",38.9748871617083,-107.065600318674,"ess-dive-460e696d8210ed3-20260309T155937802",NA,"2a03f1ee-35db-46b9-a476-afc1644fb786",38.9748825808541,-107.065590159337,2,2
"411-ER18",38.9747354282835,-107.065636066241,"ess-dive-460e696d8210ed3-20260309T155937802",NA,"d8e9b13d-e1a8-42b6-a53c-bfd082ea42fe",38.9747322141418,-107.06562803312,2,2
"412-ER18",38.9745213536877,-107.065196023053,"ess-dive-460e696d8210ed3-20260309T155937802",NA,"8dc4acc1-c55d-41eb-b7af-fb56f9169096",38.9745206768439,-107.065198011527,2,2
"413-ER18",38.974405492234,-107.065324762828,"ess-dive-460e696d8210ed3-20260309T155937802",NA,"54105aba-fe15-48b7-ab02-12f0fc9fc3c7",38.974400746117,-107.065312381414,2,2
"414-ER18",38.9757983693775,-107.065574303691,"ess-dive-460e696d8210ed3-20260309T155937802",NA,"4e9e2224-3acf-4339-a2b4-77330675c55c",38.9757750019732,-107.065531831402,4,2
"415-ER18",38.975704218099,-107.065370489831,"ess-dive-460e696d8210ed3-20260309T155937802",NA,"ff469068-1630-4422-89ca-23488ae55198",38.9757011090495,-107.065360244915,2,2
"416-ER18",38.9757628961213,-107.065018104249,"ess-dive-460e696d8210ed3-20260309T155937802",NA,"1ecac8ff-5de3-4de4-85c2-4ff1289594d0",38.9757584480607,-107.065009052125,2,2
"417-ER18",38.9759375996334,-107.064717996112,"ess-dive-460e696d8210ed3-20260309T155937802",NA,"66c9b94f-121e-41f9-9a62-6633f194b779",38.9759337998167,-107.064708998056,2,2
"418-ER18",38.9769523233151,-107.066463244379,"ess-dive-460e696d8210ed3-20260309T155937802",NA,"c70acf17-512b-4bfd-80ac-e477b259a035",38.9769461616576,-107.06645162219,2,2
"419-ER18",38.9770210159498,-107.066430739314,"ess-dive-460e696d8210ed3-20260309T155937802",NA,"690285f2-778d-44de-97e9-2d6c944cb55c",38.9770165079749,-107.066420369657,2,2
"420-ER18",38.9768423519864,-107.066694775708,"ess-dive-460e696d8210ed3-20260309T155937802",NA,"f3ec6dfe-2206-4639-b29b-51d4edc14d29",38.9768371759932,-107.066687387854,2,2
"421-ER18",38.9769828538445,-107.066784419071,"ess-dive-460e696d8210ed3-20260309T155937802",NA,"34cac504-2b91-4c55-9bf5-23224c074e04",38.9769769269222,-107.066772209536,2,2
"422-ER18",38.9759198411595,-107.065614171209,"ess-dive-460e696d8210ed3-20260309T155937802",NA,"9cd777b4-b981-4bc2-922f-eae1f489047c",38.9759149205798,-107.065602085604,2,2
"423-ER18",38.9758376187137,-107.065377829316,"ess-dive-460e696d8210ed3-20260309T155937802",NA,"197a1e2c-aa70-4f19-93d4-f6aa8b61de62",38.9758328093568,-107.065363914658,2,2
"427-ER18",38.9756585457403,-107.066041571555,"ess-dive-460e696d8210ed3-20260309T155937802",NA,"5e58af8d-73b5-4de9-a6b5-47074c8ed5c8",38.9756542728702,-107.066030785777,2,2
"428-ER18",38.9757586385152,-107.065513021917,"ess-dive-460e696d8210ed3-20260309T155937802",NA,"4e9e2224-3acf-4339-a2b4-77330675c55c",38.9757750019732,-107.065531831402,4,2
"429-ER18",38.9757867703856,-107.065130221803,"ess-dive-460e696d8210ed3-20260309T155937802",NA,"721baa76-57f9-42e4-ad83-dd2b0b205d6e",38.9757828851928,-107.065120110902,2,2
"430-ER18",38.9755245869724,-107.065180422044,"ess-dive-460e696d8210ed3-20260309T155937802",NA,"e47c1e93-772d-4c76-9156-513a3e41d8aa",38.9755247934862,-107.065180211022,2,2
"431-ER18",38.9755818815341,-107.067530846332,"ess-dive-460e696d8210ed3-20260309T155937802",NA,"a35f47ab-fe2b-4e52-9eb0-99887fb152df",38.9755818815341,-107.067530846332,1,1
"433-ER18",38.9767670121744,-107.066878682484,"ess-dive-460e696d8210ed3-20260309T155937802",NA,"015944d2-9881-4a61-b5fb-034519cd591e",38.9767625060872,-107.066869341242,2,2
"435-ER18",38.9769168233098,-107.063358476955,"ess-dive-460e696d8210ed3-20260309T155937802",NA,"0ca1381b-0d93-4f98-afd8-ecd543701119",38.9769174116549,-107.063364238478,2,2
"436-ER18",38.9765707578113,-107.064096085248,"ess-dive-460e696d8210ed3-20260309T155937802",NA,"55cf2ddd-4fff-456c-9494-cd4318a93e14",38.9765708789056,-107.064098042624,2,2
"PLM1",38.919771,-106.949273,"ess-dive-460e696d8210ed3-20260309T155937802","g1","4ec540b9-ba71-47d5-8c01-44349ef42fcd",38.919771,-106.949273,1,1
"PLM2",38.920157,-106.948714,"ess-dive-460e696d8210ed3-20260309T155937802","g1","ff40b6fa-0384-4c62-b126-0289bd6a07b0",38.920157,-106.948714,1,1
"PLM3",38.920784,-106.948367,"ess-dive-460e696d8210ed3-20260309T155937802","g1","8f0fabb9-d9b5-4604-b194-56d9b760a4b2",38.920784,-106.948367,1,1
"ER-LLN1",38.920555,-106.948333,"ess-dive-4c1829de1b8a2ec-20260220T045039633",NA,"8c839d27-1f64-4c59-bad9-0aa5fa12cc20",38.920555,-106.948333,1,1
"Slate River OBJ-2",38.90943,-107.028242,"ess-dive-61a0ecd70856892-20230808T205724993",NA,"e011b871-41d1-440e-990f-5d4942cf2a53",38.90943,-107.028242,1,1
"ph1",38.92,-106.95,"ess-dive-6c7085e9c544cc6-20250424T164534831",NA,"c7045603-bb13-46c4-b6c2-00d57e978514",38.9199796,-106.949657266667,3,3
"ph2",38.922583,-106.947288,"ess-dive-6c7085e9c544cc6-20250424T164534831",NA,"0db4c220-f316-48eb-8118-104809d19d4f",38.9225828666667,-106.9472881,3,3
"sg5",38.92625,-106.98,"ess-dive-6c7085e9c544cc6-20250424T164534831",NA,"e2fb6811-7b6f-40ca-9da6-5831528aabe1",38.92625,-106.98,1,1
"ER-LMB1L",38.920264,-106.948368,"ess-dive-8ac2940c708a515-20230504T210140482233","g1","fdeef053-2844-42c3-9aeb-82d01b2fac0e",38.9202810033333,-106.948382566667,3,2
"ER-LMB1R",38.920272,-106.948385,"ess-dive-8ac2940c708a515-20230504T210140482233","g1","fdeef053-2844-42c3-9aeb-82d01b2fac0e",38.9202810033333,-106.948382566667,3,2
"ER-LMB2L",38.920357,-106.948532,"ess-dive-8ac2940c708a515-20230504T210140482233","g1","8108eb1e-252c-410e-ae19-932f3b345357",38.9203549833333,-106.948529066667,3,2
"ER-LMB2R",38.920362,-106.948553,"ess-dive-8ac2940c708a515-20230504T210140482233","g1","8108eb1e-252c-410e-ae19-932f3b345357",38.9203549833333,-106.948529066667,3,2
"WG-LSA1L",38.95598,-107.02897,"ess-dive-8ac2940c708a515-20230504T210140482233","g1","0876a3b0-8c8a-4f06-b304-78d55b51eb7f",38.95600195,-107.028937366667,3,2
"WG-LSA2L",38.95584,-107.02893,"ess-dive-8ac2940c708a515-20230504T210140482233","g1","dd4130c8-a98a-4add-9b01-4bfd59bd6616",38.95584,-107.02893,1,1
"WG-LSB1",38.95571,-107.028891,"ess-dive-8ac2940c708a515-20230504T210140482233","g1","48ed042b-9044-4700-b520-dc4fe7318e7f",38.9557230766667,-107.0288801,3,2
"WG-LSB1R",38.955732,-107.0289,"ess-dive-8ac2940c708a515-20230504T210140482233","g1","48ed042b-9044-4700-b520-dc4fe7318e7f",38.9557230766667,-107.0288801,3,2
"WG-LSB2",38.955566,-107.028853,"ess-dive-8ac2940c708a515-20230504T210140482233","g1","87425d97-189b-46b4-8a8a-9b34339a9f68",38.955566,-107.028853,1,1
"WG-LSC1L",38.955129,-107.028516,"ess-dive-8ac2940c708a515-20230504T210140482233","g1","59e26374-83be-4158-a9aa-ee89852d9b28",38.955129,-107.028516,1,1
"WG-LSC2L",38.954969,-107.028487,"ess-dive-8ac2940c708a515-20230504T210140482233","g1","0683c9fe-96f5-443f-9461-d3fc348084a8",38.954969,-107.028487,1,1
"WG-UMA1L",38.932903,-107.009247,"ess-dive-8ac2940c708a515-20230504T210140482233","g1","2ef1ba2a-b20a-4489-9d61-3b48497feb07",38.932909,-107.0092655,2,1
"WG-UMA1R",38.932915,-107.009284,"ess-dive-8ac2940c708a515-20230504T210140482233","g1","2ef1ba2a-b20a-4489-9d61-3b48497feb07",38.932909,-107.0092655,2,1
"WG-UMA2L",38.932854,-107.009091,"ess-dive-8ac2940c708a515-20230504T210140482233","g1","326f4559-ac4c-439e-a586-aa0c474b5d7f",38.9328595,-107.009107,2,1
"WG-UMA2R",38.932865,-107.009123,"ess-dive-8ac2940c708a515-20230504T210140482233","g1","326f4559-ac4c-439e-a586-aa0c474b5d7f",38.9328595,-107.009107,2,1
"WG-UMB1L",38.932734,-107.008757,"ess-dive-8ac2940c708a515-20230504T210140482233","g1","6524f1c7-3a5c-47c7-801a-56de47d522d5",38.9327385,-107.0087595,2,1
"WG-UMB1R",38.932743,-107.008762,"ess-dive-8ac2940c708a515-20230504T210140482233","g1","6524f1c7-3a5c-47c7-801a-56de47d522d5",38.9327385,-107.0087595,2,1
"WG-UMB2L",38.932668,-107.008543,"ess-dive-8ac2940c708a515-20230504T210140482233","g1","b2247b49-c751-47df-a889-4ddc2d929a46",38.9326705,-107.0085525,2,1
"WG-UMB2R",38.932673,-107.008562,"ess-dive-8ac2940c708a515-20230504T210140482233","g1","b2247b49-c751-47df-a889-4ddc2d929a46",38.9326705,-107.0085525,2,1
"WG-UMC1L",38.932677,-107.008255,"ess-dive-8ac2940c708a515-20230504T210140482233","g1","600e2a43-8909-4ff0-ae44-3bba166ac863",38.932684,-107.008268,2,1
"WG-UMC1R",38.932691,-107.008281,"ess-dive-8ac2940c708a515-20230504T210140482233","g1","600e2a43-8909-4ff0-ae44-3bba166ac863",38.932684,-107.008268,2,1
"WG-UMC2L",38.932596,-107.008133,"ess-dive-8ac2940c708a515-20230504T210140482233","g1","8edd9b2b-42bc-406b-95d5-6c18dd8932af",38.932603,-107.008143,2,1
"WG-UMC2R",38.93261,-107.008153,"ess-dive-8ac2940c708a515-20230504T210140482233","g1","8edd9b2b-42bc-406b-95d5-6c18dd8932af",38.932603,-107.008143,2,1
"WG-USA1R",NA,NA,"ess-dive-8ac2940c708a515-20230504T210140482233","g2","3727d038-f97c-46b5-acaf-dd2378df173a",NA,NA,1,1
"WG-USA2R",NA,NA,"ess-dive-8ac2940c708a515-20230504T210140482233","g2","810c7ed7-0ec2-4ffa-a685-cccaa621dfc8",NA,NA,1,1
"WG-USB1R",NA,NA,"ess-dive-8ac2940c708a515-20230504T210140482233","g2","4a50c805-5278-483b-b676-4747fb77d231",NA,NA,1,1
"WG-USB2R",NA,NA,"ess-dive-8ac2940c708a515-20230504T210140482233","g2","0e7d5a74-136c-4237-832f-8c4acc73aca8",NA,NA,1,1
"WG-USC1L",NA,NA,"ess-dive-8ac2940c708a515-20230504T210140482233","g2","bce9ad73-0412-4e08-9d44-c3d002b91682",NA,NA,1,1
"WG-USC1R",NA,NA,"ess-dive-8ac2940c708a515-20230504T210140482233","g2","a025ab9a-7d6d-4837-bab4-c231b5b630ea",NA,NA,1,1
"WG-USC2",NA,NA,"ess-dive-8ac2940c708a515-20230504T210140482233","g2","3dcbb64b-7ef1-4c81-8c25-3afdc7ae0e56",NA,NA,1,1
"XX-ALA1R",38.996955,-107.067405,"ess-dive-8ac2940c708a515-20230504T210140482233","g1","c2ca9246-6ba3-4e0a-a1fc-dadf15477934",38.9969686133333,-107.0674102,3,2
"XX-ALB1R",38.996908,-107.067207,"ess-dive-8ac2940c708a515-20230504T210140482233","g1","e900580f-bb54-4171-afe5-75052272ceaf",38.996908,-107.067207,1,1
"XX-ALC1R",38.996758,-107.067052,"ess-dive-8ac2940c708a515-20230504T210140482233","g1","b5142212-90e6-449b-8eac-b9fae5bffa1a",38.996758,-107.067052,1,1
"TDR001",38.9202483596957,-106.951217059636,"ess-dive-987726ef1235abc-20230504T210342929747",NA,"dfbf2c3f-28f4-488d-a009-f553a36cffb8",38.9202483596957,-106.951217059636,1,1
"TDR002",38.9202196763505,-106.95157505507,"ess-dive-987726ef1235abc-20230504T210342929747",NA,"fe0f4fce-f248-4203-aa34-11a13eba83a4",38.9202196763505,-106.95157505507,1,1
"TDR003",38.9203870052077,-106.951799881778,"ess-dive-987726ef1235abc-20230504T210342929747",NA,"f0b797be-7728-4a6b-ae07-2f72ceac7949",38.9203870052077,-106.951799881778,1,1
"TDR004",38.9205285920294,-106.951891589905,"ess-dive-987726ef1235abc-20230504T210342929747",NA,"5a131ac7-788e-4300-b3e1-aeafa688a539",38.9205285920294,-106.951891589905,1,1
"TDR005",38.9203670881708,-106.951235989703,"ess-dive-987726ef1235abc-20230504T210342929747",NA,"8fcba5fd-06ad-4b38-8c61-53de75d17f67",38.9203670881708,-106.951235989703,1,1
"TDR006",38.9205656625336,-106.951188335246,"ess-dive-987726ef1235abc-20230504T210342929747",NA,"99235d89-3f9a-4856-81c6-29203eaf5c01",38.9205448888489,-106.951159573922,3,3
"TDR007",38.9208771209036,-106.9515323057,"ess-dive-987726ef1235abc-20230504T210342929747",NA,"b65c6722-671d-4cb8-adc8-44b0976d08d9",38.9208771209036,-106.9515323057,1,1
"TDR008",38.9210652048748,-106.951829072369,"ess-dive-987726ef1235abc-20230504T210342929747",NA,"90aab7b7-bf8a-43bb-884c-d780d721ea9c",38.9210652048748,-106.951829072369,1,1
"ss01",38.919149485653,-106.948771389418,"ess-dive-987726ef1235abc-20230504T210342929747",NA,"6e264931-a0ca-4179-9c21-4bd2e89c633d",38.919149485653,-106.948771389418,1,1
"ss02",38.9193369115957,-106.948624008076,"ess-dive-987726ef1235abc-20230504T210342929747",NA,"823095fa-541b-4367-ba15-16e67ca9b196",38.9193369115957,-106.948624008076,1,1
"ss03",38.9197882724001,-106.94838307081,"ess-dive-987726ef1235abc-20230504T210342929747",NA,"3e6809bf-8507-4ec6-9615-17adf64b11e0",38.9197882724001,-106.94838307081,1,1
"ss04",38.9199196788442,-106.94812837266,"ess-dive-987726ef1235abc-20230504T210342929747",NA,"59e83321-ce3d-42d2-82e8-bd4b831a351f",38.9199196788442,-106.94812837266,1,1
"ss05",38.9203306000323,-106.947779471292,"ess-dive-987726ef1235abc-20230504T210342929747",NA,"8725c6fe-283d-43e7-8cc1-98b32219e352",38.9203306000323,-106.947779471292,1,1
"ss06",38.9205781760427,-106.947703470001,"ess-dive-987726ef1235abc-20230504T210342929747",NA,"f16e4348-fc08-411b-868b-ce0a95daa6ac",38.9205781760427,-106.947703470001,1,1
"ss07",38.9192105578509,-106.94981681994,"ess-dive-987726ef1235abc-20230504T210342929747",NA,"190bde2b-37b8-4677-8c42-39f1468c9d3a",38.9192105578509,-106.94981681994,1,1
"ss08",38.9193526502181,-106.94970633374,"ess-dive-987726ef1235abc-20230504T210342929747",NA,"4fae0eda-2c63-4d1c-a46a-5522f096ca47",38.9193526502181,-106.94970633374,1,1
"ss09",38.9195114318338,-106.949515893781,"ess-dive-987726ef1235abc-20230504T210342929747",NA,"69badd70-dc42-4a5e-a936-ab44b51324ea",38.9195114318338,-106.949515893781,1,1
"ss10",38.9198693843532,-106.949311071708,"ess-dive-987726ef1235abc-20230504T210342929747",NA,"86231109-1245-46d8-bd13-199701e449ba",38.9198693843532,-106.949311071708,1,1
"ss100",38.9832795683425,-107.009262496019,"ess-dive-987726ef1235abc-20230504T210342929747",NA,"e1ce89d3-a311-46cd-b669-89ab760a6a6a",38.9832795683425,-107.009262496019,1,1
"ss101",38.9832815788561,-107.009124853275,"ess-dive-987726ef1235abc-20230504T210342929747",NA,"b73f0b1a-6671-4659-bda8-7137ef1ef435",38.9832815788561,-107.009124853275,1,1
"ss102",38.9832887076307,-107.008956832279,"ess-dive-987726ef1235abc-20230504T210342929747",NA,"1ef2eaa7-8dce-4f03-a2de-2aa0137d0117",38.9832887076307,-107.008956832279,1,1
"ss103",38.9833781203556,-107.008981167339,"ess-dive-987726ef1235abc-20230504T210342929747",NA,"2f71b809-2208-47e6-9b52-f17564878343",38.9833781203556,-107.008981167339,1,1
"ss104",38.9834716791764,-107.008979264138,"ess-dive-987726ef1235abc-20230504T210342929747",NA,"239a7612-bf48-4c38-a049-c097290f2db5",38.9834716791764,-107.008979264138,1,1
"ss105",38.9834444800925,-107.008873950318,"ess-dive-987726ef1235abc-20230504T210342929747",NA,"5811461a-1ffa-4b68-bf15-5011df50dde8",38.9834444800925,-107.008873950318,1,1
"ss106",38.9834586052021,-107.008702513337,"ess-dive-987726ef1235abc-20230504T210342929747",NA,"821d1c84-b712-4da9-8c8c-216e9f8e1c09",38.9834586052021,-107.008702513337,1,1
"ss107",38.9835422005578,-107.008724571085,"ess-dive-987726ef1235abc-20230504T210342929747",NA,"71697502-670f-4a0a-80f2-a443cda94cc6",38.9835422005578,-107.008724571085,1,1
"ss108",38.9836291623837,-107.008666248822,"ess-dive-987726ef1235abc-20230504T210342929747",NA,"81f93661-e961-48c2-9ff2-b2069f27d8f2",38.9836291623837,-107.008666248822,1,1
"ss109",38.9836226664973,-107.008541167535,"ess-dive-987726ef1235abc-20230504T210342929747",NA,"f6e9b3f4-4c11-4f27-95cb-b16e875f5f62",38.9836226664973,-107.008541167535,1,1
"ss11",38.9201527076111,-106.94911949705,"ess-dive-987726ef1235abc-20230504T210342929747",NA,"73cdeb48-5e2d-4314-8680-fa65129f3ef1",38.9201527076111,-106.94911949705,1,1
"ss110",38.9837048478448,-107.008476331629,"ess-dive-987726ef1235abc-20230504T210342929747",NA,"729e578c-58a2-45e6-8a7e-fb8d7041ab1a",38.9837048478448,-107.008476331629,1,1
"ss111",38.92519736146,-106.974371179615,"ess-dive-987726ef1235abc-20230504T210342929747",NA,"df874bb0-0fe0-4db3-b50b-bcb9f03ef2e8",38.92519736146,-106.974371179615,1,1
"ss112",38.9254255601522,-106.974105244622,"ess-dive-987726ef1235abc-20230504T210342929747",NA,"c1cdf75d-cfa7-41c0-83a6-46e7af76503d",38.9254255601522,-106.974105244622,1,1
"ss113",38.9256470142774,-106.973746869271,"ess-dive-987726ef1235abc-20230504T210342929747",NA,"c5bbd803-8227-483c-8a59-07b34d02b340",38.9256470142774,-106.973746869271,1,1
"ss114",38.9259471857401,-106.973346689352,"ess-dive-987726ef1235abc-20230504T210342929747",NA,"4798a507-27ee-46b7-9e21-d25779e07ddf",38.9259471857401,-106.973346689352,1,1
"ss115",38.9261645152995,-106.973027485304,"ess-dive-987726ef1235abc-20230504T210342929747",NA,"0856ec6f-40aa-4160-a4e0-6f17b3a02317",38.9261645152995,-106.973027485304,1,1
"ss117",38.9266878696396,-106.972350157797,"ess-dive-987726ef1235abc-20230504T210342929747",NA,"7c19fdbc-9d43-4b28-9d4a-cc02e0cbc5d0",38.9266878696396,-106.972350157797,1,1
"ss118",38.9269031351885,-106.972048427127,"ess-dive-987726ef1235abc-20230504T210342929747",NA,"64cbf63e-9fcc-4c82-88ee-6371448637c4",38.9269031351885,-106.972048427127,1,1
"ss119",38.9270999573991,-106.971775397845,"ess-dive-987726ef1235abc-20230504T210342929747",NA,"321c099b-d91d-4b24-bc99-b0677f3a82e4",38.9270999573991,-106.971775397845,1,1
"ss12",38.9204048877437,-106.948938351317,"ess-dive-987726ef1235abc-20230504T210342929747",NA,"1c611ab7-bbbb-4df4-996b-661e3b46ba1b",38.9204048877437,-106.948938351317,1,1
"ss120",38.9273009746011,-106.971528690036,"ess-dive-987726ef1235abc-20230504T210342929747",NA,"729a55de-de1a-487c-9557-93713c2352f2",38.9273009746011,-106.971528690036,1,1
"ss121",38.9275277022814,-106.971234777647,"ess-dive-987726ef1235abc-20230504T210342929747",NA,"2f631f9b-cec8-4fcc-845e-5184a7b34f28",38.9275277022814,-106.971234777647,1,1
"ss122",38.9277814996231,-106.970868647535,"ess-dive-987726ef1235abc-20230504T210342929747",NA,"19ea4db9-e62a-4a42-a0ef-54671179d924",38.9277814996231,-106.970868647535,1,1
"ss123",38.9280121990739,-106.970558736577,"ess-dive-987726ef1235abc-20230504T210342929747",NA,"d04a0470-b78a-46e1-b835-2488c1be652c",38.9280121990739,-106.970558736577,1,1
"ss124",38.9282202541964,-106.970285145854,"ess-dive-987726ef1235abc-20230504T210342929747",NA,"ef9a1304-d144-4284-acdf-5c4ce0410e94",38.9282202541964,-106.970285145854,1,1
"ss125",38.9284188698392,-106.970044409275,"ess-dive-987726ef1235abc-20230504T210342929747",NA,"d77a8fa0-964c-4d0f-869d-e799d4bd4cb2",38.9284188698392,-106.970044409275,1,1
"ss126",38.9285191005311,-106.969902987972,"ess-dive-987726ef1235abc-20230504T210342929747",NA,"244a3251-6fd0-4e5f-897e-03095927360d",38.9285191005311,-106.969902987972,1,1
"ss13",38.9205026374302,-106.948659085004,"ess-dive-987726ef1235abc-20230504T210342929747",NA,"3bf45e01-7409-4dcc-a9f1-c310a29c2c45",38.9205026374302,-106.948659085004,1,1
"ss15",38.920830640702,-106.948610055724,"ess-dive-987726ef1235abc-20230504T210342929747",NA,"34f41077-b5d9-4db4-949f-c33f9d470ef9",38.9208561446857,-106.948589992025,3,2
"ss16",38.9209915055498,-106.948480921179,"ess-dive-987726ef1235abc-20230504T210342929747",NA,"ababc4c4-af4f-4136-bcfe-7c7da1507560",38.9210226132129,-106.948474798083,3,3
"ss17",38.9205724377041,-106.949409175166,"ess-dive-987726ef1235abc-20230504T210342929747",NA,"4875f592-e934-4c74-8260-f1edd56ba5b6",38.9205724377041,-106.949409175166,1,1
"ss18",38.9208705117654,-106.949149587841,"ess-dive-987726ef1235abc-20230504T210342929747",NA,"6ab6e2ab-177b-46ef-87d9-aff60f046ba3",38.9208705117654,-106.949149587841,1,1
"ss19",38.9210527415244,-106.94905277902,"ess-dive-987726ef1235abc-20230504T210342929747",NA,"d59b92f9-943c-4500-afa1-7bb2c8bc484a",38.9210527415244,-106.94905277902,1,1
"ss20",38.9201173279435,-106.95021678491,"ess-dive-987726ef1235abc-20230504T210342929747",NA,"181eb4b6-5410-412a-aadb-89a8027cbbd9",38.9201173279435,-106.95021678491,1,1
"ss21",38.9203540155779,-106.950030027472,"ess-dive-987726ef1235abc-20230504T210342929747",NA,"18168308-3c54-406b-9e8c-b3096f1541c3",38.9203540155779,-106.950030027472,1,1
"ss22",38.9207554666028,-106.94986375816,"ess-dive-987726ef1235abc-20230504T210342929747",NA,"53782269-4b28-49ec-a6a5-d6e58cf5bb90",38.9207554666028,-106.94986375816,1,1
"ss23",38.9210541588907,-106.949605517785,"ess-dive-987726ef1235abc-20230504T210342929747",NA,"1634ea0d-ccc3-42da-bef6-a4dc91cd5b95",38.9210541588907,-106.949605517785,1,1
"ss24",38.9212135642101,-106.949459178758,"ess-dive-987726ef1235abc-20230504T210342929747",NA,"d04a3439-3adc-4f9d-a958-ee2abcbff919",38.9212135642101,-106.949459178758,1,1
"ss25",38.9202830497931,-106.950791273055,"ess-dive-987726ef1235abc-20230504T210342929747",NA,"5cf4e420-1ff7-4eef-bd88-f46501641317",38.9202830497931,-106.950791273055,1,1
"ss26",38.9206718716662,-106.950576348038,"ess-dive-987726ef1235abc-20230504T210342929747",NA,"0ac11990-aa91-42a4-85ba-e4c73598eeb1",38.9206718716662,-106.950576348038,1,1
"ss27",38.9210937922693,-106.950323980553,"ess-dive-987726ef1235abc-20230504T210342929747",NA,"2ff449af-32f2-4682-8cad-a92e04ad80fa",38.9210937922693,-106.950323980553,1,1
"ss28",38.921280923351,-106.950168477099,"ess-dive-987726ef1235abc-20230504T210342929747",NA,"ec9f2571-c64d-4843-a035-d26a2b68eafe",38.921280923351,-106.950168477099,1,1
"ss29",38.9214476726797,-106.950055038519,"ess-dive-987726ef1235abc-20230504T210342929747",NA,"ccb7e0f9-60b7-435a-8ba7-50032acfc05f",38.9214476726797,-106.950055038519,1,1
"ss61",38.9876127519742,-107.002402431175,"ess-dive-987726ef1235abc-20230504T210342929747",NA,"99c5f43d-d676-41f6-ab41-34117403d585",38.9876127519742,-107.002402431175,1,1
"ss62",38.9874412060646,-107.002399303653,"ess-dive-987726ef1235abc-20230504T210342929747",NA,"34da5ece-fbb9-4f30-99b0-ec57ddc3bbc8",38.9874412060646,-107.002399303653,1,1
"ss63",38.9873330902527,-107.002275564883,"ess-dive-987726ef1235abc-20230504T210342929747",NA,"75a68155-1c12-4e82-8e3b-ce64df91021a",38.9873330902527,-107.002275564883,1,1
"ss64",38.9872551338338,-107.002172161885,"ess-dive-987726ef1235abc-20230504T210342929747",NA,"d7a994ed-27ff-4bc8-be78-023aae18db09",38.9872551338338,-107.002172161885,1,1
"ss65",38.9871777079813,-107.002334936562,"ess-dive-987726ef1235abc-20230504T210342929747",NA,"3459e47c-759c-4870-997e-2ed41d0956aa",38.9871777079813,-107.002334936562,1,1
"ss66",38.9872766586038,-107.002648230993,"ess-dive-987726ef1235abc-20230504T210342929747",NA,"5dc68b72-6d94-4efa-b634-8e2b9f1e9773",38.9872766586038,-107.002648230993,1,1
"ss67",38.9870954361372,-107.002585778196,"ess-dive-987726ef1235abc-20230504T210342929747",NA,"db3b4b45-aaef-4fc4-b87f-c1038b8c8c91",38.9870954361372,-107.002585778196,1,1
"ss68",38.9873008371722,-107.002900916821,"ess-dive-987726ef1235abc-20230504T210342929747",NA,"08026476-d029-4bb0-9e60-f8e30bec0229",38.9873008371722,-107.002900916821,1,1
"ss69",38.9871553787891,-107.002824157302,"ess-dive-987726ef1235abc-20230504T210342929747",NA,"ae2beb0b-8b99-4f39-b923-8a66cd5a7234",38.9871553787891,-107.002824157302,1,1
"ss70",38.9870042915966,-107.002774531455,"ess-dive-987726ef1235abc-20230504T210342929747",NA,"12d6a597-d655-4b02-b123-48937235f870",38.9870042915966,-107.002774531455,1,1
"ss71",38.9871067524997,-107.003184508997,"ess-dive-987726ef1235abc-20230504T210342929747",NA,"18093d8e-4016-41bc-afff-479e2f5c44e6",38.9871067524997,-107.003184508997,1,1
"ss72",38.9868730956508,-107.003084001483,"ess-dive-987726ef1235abc-20230504T210342929747",NA,"c8f70f2c-78cf-41ac-8df7-a19cb3decc15",38.9868730956508,-107.003084001483,1,1
"ss73",38.9867465501174,-107.003003552206,"ess-dive-987726ef1235abc-20230504T210342929747",NA,"f875fda4-67d4-46ef-ae3d-8f933c39869f",38.9867465501174,-107.003003552206,1,1
"ss74",38.9870123507875,-107.003528739934,"ess-dive-987726ef1235abc-20230504T210342929747",NA,"5d84c1bb-91f1-4d8c-a86b-9c12c0d4c683",38.9870123507875,-107.003528739934,1,1
"ss75",38.9867578141881,-107.003396954254,"ess-dive-987726ef1235abc-20230504T210342929747",NA,"39e2f790-5e86-4dcd-bade-8b3ac392e544",38.9867578141881,-107.003396954254,1,1
"ss76",38.9870389204258,-107.003786888589,"ess-dive-987726ef1235abc-20230504T210342929747",NA,"caa8feb5-7018-4457-93c6-382866e4dd14",38.9870389204258,-107.003786888589,1,1
"ss77",38.9869021370759,-107.003719709687,"ess-dive-987726ef1235abc-20230504T210342929747",NA,"528876e2-f4d8-45f5-8f4f-3ea9c9570f59",38.9869021370759,-107.003719709687,1,1
"ss78",38.9866918958575,-107.003590492284,"ess-dive-987726ef1235abc-20230504T210342929747",NA,"7e45dd13-c452-47ed-bef7-9fc6a99abe42",38.9866918958575,-107.003590492284,1,1
"ss79",38.9870710759858,-107.004164590739,"ess-dive-987726ef1235abc-20230504T210342929747",NA,"06c798a9-d752-404f-9280-6aa02bd8aea7",38.9870710759858,-107.004164590739,1,1
"ss80",38.9868253845227,-107.004027772724,"ess-dive-987726ef1235abc-20230504T210342929747",NA,"5d043cbe-791a-44d6-a963-cac3e5ef3136",38.9868253845227,-107.004027772724,1,1
"ss81",38.9865601230197,-107.00390299791,"ess-dive-987726ef1235abc-20230504T210342929747",NA,"36019c0a-1df6-423e-8399-a90706282de2",38.9865601230197,-107.00390299791,1,1
"ss82",38.9871408474383,-107.004584266079,"ess-dive-987726ef1235abc-20230504T210342929747",NA,"cf17dfdc-b333-4c4c-b9e1-600b34433ccc",38.9871408474383,-107.004584266079,1,1
"ss83",38.9869253779034,-107.004480412233,"ess-dive-987726ef1235abc-20230504T210342929747",NA,"a5f95168-f86e-47e2-b2a4-d0f6b44311ee",38.9869253779034,-107.004480412233,1,1
"ss84",38.9867064391772,-107.004367653647,"ess-dive-987726ef1235abc-20230504T210342929747",NA,"234bc482-032c-4edb-a095-bb9a6f438839",38.9867064391772,-107.004367653647,1,1
"ss85",38.986424374647,-107.004234450608,"ess-dive-987726ef1235abc-20230504T210342929747",NA,"014b4318-7040-4846-a818-ec93c9df0ed3",38.986424374647,-107.004234450608,1,1
"ss86",38.9863408917428,-107.004176957924,"ess-dive-987726ef1235abc-20230504T210342929747",NA,"41238a93-d157-4768-87a7-9a248014e97e",38.9863408917428,-107.004176957924,1,1
"ss87",38.9862960578654,-107.004519294373,"ess-dive-987726ef1235abc-20230504T210342929747",NA,"5ca2dcb4-ae18-4f52-9b4b-63c755ba918f",38.9862960578654,-107.004519294373,1,1
"ss88",38.9865240196683,-107.004604559462,"ess-dive-987726ef1235abc-20230504T210342929747",NA,"e83bf5de-0049-4c2c-9c1b-2a455ea57ac3",38.9865240196683,-107.004604559462,1,1
"ss89",38.9866971837718,-107.00464301988,"ess-dive-987726ef1235abc-20230504T210342929747",NA,"ff7511af-384c-477a-a5c2-5a3ca4473cd5",38.9866971837718,-107.00464301988,1,1
"ss90",38.9874531672668,-107.002622604358,"ess-dive-987726ef1235abc-20230504T210342929747",NA,"1f846c89-da51-4c34-a55f-5f3961bf45ac",38.9874531672668,-107.002622604358,1,1
"ss91",38.9828068631264,-107.009859880879,"ess-dive-987726ef1235abc-20230504T210342929747",NA,"189c537b-c696-4dc3-8b35-63226dbef10f",38.9828068631264,-107.009859880879,1,1
"ss92",38.982907181512,-107.009828584617,"ess-dive-987726ef1235abc-20230504T210342929747",NA,"027ed49c-c0ca-435c-bc4b-7c5e75f62980",38.982907181512,-107.009828584617,1,1
"ss93",38.9829104256387,-107.009697824359,"ess-dive-987726ef1235abc-20230504T210342929747",NA,"0199e10c-8c32-416c-9b39-2d2c13b973e3",38.9829104256387,-107.009697824359,1,1
"ss94",38.9829242373853,-107.009547261084,"ess-dive-987726ef1235abc-20230504T210342929747",NA,"592e0152-28c1-443b-8d2a-1412a803ff70",38.9829242373853,-107.009547261084,2,1
"ss95",38.9829242373853,-107.009547261084,"ess-dive-987726ef1235abc-20230504T210342929747",NA,"592e0152-28c1-443b-8d2a-1412a803ff70",38.9829242373853,-107.009547261084,2,1
"ss96",38.9830908168418,-107.009544205197,"ess-dive-987726ef1235abc-20230504T210342929747",NA,"98897ade-effb-4944-b488-7f49c708c8ce",38.9830908168418,-107.009544205197,1,1
"ss97",38.9830130639387,-107.009538669992,"ess-dive-987726ef1235abc-20230504T210342929747",NA,"41970c03-b2a9-40cb-8cf5-3cf99e7341e2",38.9830130639387,-107.009538669992,1,1
"ss98",38.9830997718927,-107.009400964028,"ess-dive-987726ef1235abc-20230504T210342929747",NA,"dd6439d4-719e-406f-9fa8-7b536bd12f0a",38.9830997718927,-107.009400964028,1,1
"ss99",38.9831902733127,-107.009252777798,"ess-dive-987726ef1235abc-20230504T210342929747",NA,"368fae9b-453c-4016-b151-5316e2d66c6a",38.9831902733127,-107.009252777798,1,1
"ER-SMN1",38.92059975,-106.9486228,"ess-dive-9fd65df885a8e87-20250715T064942543",NA,"20236e29-b14f-4642-87dd-c5cf18b97731",38.92059975,-106.9486228,1,1
"ER-SMN3",38.92090132,-106.9485306,"ess-dive-9fd65df885a8e87-20250715T064942543",NA,"47e2314b-55b5-4b7c-9974-1c92e58ad500",38.92090132,-106.9485306,1,1
"ER-SMN4",38.92105419,-106.9484757,"ess-dive-9fd65df885a8e87-20250715T064942543",NA,"ababc4c4-af4f-4136-bcfe-7c7da1507560",38.9210226132129,-106.948474798083,3,3
"ER-SMN5",38.92113326,-106.9484702,"ess-dive-9fd65df885a8e87-20250715T064942543",NA,"001daa56-7320-4cbf-b609-9fadaa02ec67",38.9211358935997,-106.948475307695,2,2
"ER-WML1_HERB",38.957062,-106.985446,"ess-dive-a99be52b7a6114c-20230504T210134503379","g1","94f59721-4769-4ef4-8a53-829e5c2a0aae",38.957062,-106.985446,1,1
"ER-WML3_HERB",38.957157,-106.985423,"ess-dive-a99be52b7a6114c-20230504T210134503379","g1","f41a19de-a775-4360-85f1-00c97d274306",38.957157,-106.985423,1,1
"ER-WML5_HERB",38.957245,-106.985384,"ess-dive-a99be52b7a6114c-20230504T210134503379","g1","c601f446-a426-40b4-ae13-727c729707eb",38.957245,-106.985384,1,1
"ER-WML7_HERB",38.957327,-106.985329,"ess-dive-a99be52b7a6114c-20230504T210134503379","g1","05dac2eb-bda7-43ec-bce5-bce7f9809362",38.957327,-106.985329,1,1
"ER-WML9_HERB",38.957392,-106.985241,"ess-dive-a99be52b7a6114c-20230504T210134503379","g1","d3e6deb5-c9c1-407d-b588-95632feb3d65",38.957392,-106.985241,1,1
"ER-WMU1_HERB",38.957067,-106.985509,"ess-dive-a99be52b7a6114c-20230504T210134503379","g1","5aa7099c-c589-4bc8-a7cb-940cf0336fa6",38.957067,-106.985509,2,1
"ER-WMU1_SHRUB",38.957067,-106.985509,"ess-dive-a99be52b7a6114c-20230504T210134503379","g1","5aa7099c-c589-4bc8-a7cb-940cf0336fa6",38.957067,-106.985509,2,1
"ER-WMU3_HERB",38.95717,-106.985485,"ess-dive-a99be52b7a6114c-20230504T210134503379","g1","d68ce18d-48da-4d1e-bbfa-4193f058ab28",38.95717,-106.985485,2,1
"ER-WMU3_SHRUB",38.95717,-106.985485,"ess-dive-a99be52b7a6114c-20230504T210134503379","g1","d68ce18d-48da-4d1e-bbfa-4193f058ab28",38.95717,-106.985485,2,1
"ER-WMU5_HERB",38.957264,-106.985442,"ess-dive-a99be52b7a6114c-20230504T210134503379","g1","3393713e-5514-48e5-a534-816ab1b11f2c",38.957264,-106.985442,2,1
"ER-WMU5_SHRUB",38.957264,-106.985442,"ess-dive-a99be52b7a6114c-20230504T210134503379","g1","3393713e-5514-48e5-a534-816ab1b11f2c",38.957264,-106.985442,2,1
"ER-WMU7_HERB",38.957354,-106.985378,"ess-dive-a99be52b7a6114c-20230504T210134503379","g1","241e069e-68b3-4357-af35-76167940c1d8",38.957354,-106.985378,2,1
"ER-WMU7_SHRUB",38.957354,-106.985378,"ess-dive-a99be52b7a6114c-20230504T210134503379","g1","241e069e-68b3-4357-af35-76167940c1d8",38.957354,-106.985378,2,1
"ER-WMU9_HERB",38.95743,-106.985289,"ess-dive-a99be52b7a6114c-20230504T210134503379","g1","9a0b8a48-3bb6-4096-a18a-68d14b1ada41",38.95743,-106.985289,2,1
"ER-WMU9_SHRUB",38.95743,-106.985289,"ess-dive-a99be52b7a6114c-20230504T210134503379","g1","9a0b8a48-3bb6-4096-a18a-68d14b1ada41",38.95743,-106.985289,2,1
"ER-PHS1",38.9199388,-106.9489718,"ess-dive-b3d271f19a94e8d-20260114T204512119",NA,"c7045603-bb13-46c4-b6c2-00d57e978514",38.9199796,-106.949657266667,3,3
"ER-PHS2",38.9225826,-106.9472883,"ess-dive-b3d271f19a94e8d-20260114T204512119",NA,"0db4c220-f316-48eb-8118-104809d19d4f",38.9225828666667,-106.9472881,3,3
"ER-PHS3",38.9206498,-106.9516586,"ess-dive-b3d271f19a94e8d-20260114T204512119",NA,"848ad6b4-1614-4d36-b70f-81ebf3ba09b2",38.9206499,-106.9516588,2,2
"ER-PHS4",38.9205581,-106.95154,"ess-dive-b3d271f19a94e8d-20260114T204512119",NA,"66f30a97-259c-4ae4-9e0d-806c5d74fc6d",38.92055805,-106.95154,2,2
"SG-EHS5",38.9262459,-106.9797896,"ess-dive-b3d271f19a94e8d-20260114T204512119",NA,"653fc5e8-35f9-4c33-abcd-f5f98db9fca3",38.9262459,-106.9797896,1,1
"SG-EHS6",38.92565,-106.9766603,"ess-dive-b3d271f19a94e8d-20260114T204512119",NA,"40fdb5d0-ba7a-4159-b28f-ffab6953a013",38.92565,-106.9766603,1,1
"SG-EHS7",38.9323418,-106.9861122,"ess-dive-b3d271f19a94e8d-20260114T204512119",NA,"9422b43a-6f4c-4b18-b32a-c12310c86a41",38.9323418,-106.9861122,1,1
"SG-EHS8",38.9255186,-106.9707767,"ess-dive-b3d271f19a94e8d-20260114T204512119",NA,"e59a4f41-74f8-44cb-ad28-9309ef32332e",38.9255186,-106.9707767,1,1
"Alpine_A1_Downslope",38.99697542,-107.0674128,"ess-dive-b924878d23c9dd7-20250214T163427929",NA,"c2ca9246-6ba3-4e0a-a1fc-dadf15477934",38.9969686133333,-107.0674102,3,2
"Alpine_A1_Upslope",38.99697542,-107.0674128,"ess-dive-b924878d23c9dd7-20250214T163427929",NA,"c2ca9246-6ba3-4e0a-a1fc-dadf15477934",38.9969686133333,-107.0674102,3,2
"Lower_Subalpine_A1_Downslope",38.95601972,-107.028897,"ess-dive-b924878d23c9dd7-20250214T163427929",NA,"0876a3b0-8c8a-4f06-b304-78d55b51eb7f",38.95600195,-107.028937366667,3,2
"Lower_Subalpine_A1_Upslope",38.95600613,-107.0289451,"ess-dive-b924878d23c9dd7-20250214T163427929",NA,"0876a3b0-8c8a-4f06-b304-78d55b51eb7f",38.95600195,-107.028937366667,3,2
"Lower_Subalpine_A2_Downslope",38.97409283,-107.0367513,"ess-dive-b924878d23c9dd7-20250214T163427929",NA,"fd9e2e46-21ee-4c7c-999c-0406361fe108",38.97409283,-107.0367513,3,1
"Lower_Subalpine_A2_Upslope",38.97409283,-107.0367513,"ess-dive-b924878d23c9dd7-20250214T163427929",NA,"fd9e2e46-21ee-4c7c-999c-0406361fe108",38.97409283,-107.0367513,3,1
"Lower_Subalpine_B1_Downslope",38.95573168,-107.0287902,"ess-dive-b924878d23c9dd7-20250214T163427929",NA,"d140a1ec-4ae2-4e25-a79a-cc256c1effb4",38.95573168,-107.0287902,1,1
"Lower_Subalpine_B1_Upslope",38.95572723,-107.0288493,"ess-dive-b924878d23c9dd7-20250214T163427929",NA,"48ed042b-9044-4700-b520-dc4fe7318e7f",38.9557230766667,-107.0288801,3,2
"Lower_Subalpine_B2_Downslope",38.97443553,-107.0365009,"ess-dive-b924878d23c9dd7-20250214T163427929",NA,"60d68d9f-af06-43b3-bb72-086bf077cf6c",38.97443553,-107.0365009,3,1
"Lower_Subalpine_B2_Upslope",38.97443553,-107.0365009,"ess-dive-b924878d23c9dd7-20250214T163427929",NA,"60d68d9f-af06-43b3-bb72-086bf077cf6c",38.97443553,-107.0365009,3,1
"Lower_Subalpine_C1_Downslope",38.95514736,-107.0284548,"ess-dive-b924878d23c9dd7-20250214T163427929",NA,"7f02b1ce-067e-46ad-bc93-44e018ddca50",38.95514736,-107.0284548,3,1
"Lower_Subalpine_C1_Upslope",38.95514771,-107.0276516,"ess-dive-b924878d23c9dd7-20250214T163427929",NA,"5952d7b0-0cc6-44ed-a011-d0f8a15a7944",38.95514771,-107.0276516,1,1
"Lower_Subalpine_C2_Downslope",38.95514736,-107.0284548,"ess-dive-b924878d23c9dd7-20250214T163427929",NA,"7f02b1ce-067e-46ad-bc93-44e018ddca50",38.95514736,-107.0284548,3,1
"Lower_Subalpine_C2_Upslope",38.95514736,-107.0284548,"ess-dive-b924878d23c9dd7-20250214T163427929",NA,"7f02b1ce-067e-46ad-bc93-44e018ddca50",38.95514736,-107.0284548,3,1
"Lower_Subalpine_Veratrum_Downslope",NA,NA,"ess-dive-b924878d23c9dd7-20250214T163427929","g2","5413c857-b524-47eb-9d40-36b72a2f2bb3",NA,NA,1,1
"Lower_Subalpine_Veratrum_Upslope",NA,NA,"ess-dive-b924878d23c9dd7-20250214T163427929","g2","72863586-abf9-4298-a7e0-689e23f833bd",NA,NA,1,1
"Lower_Subalpine_Willow_Downslope",NA,NA,"ess-dive-b924878d23c9dd7-20250214T163427929","g2","dece6987-5867-4127-9a1a-cddee0006ae7",NA,NA,1,1
"Lower_Subalpine_Willow_Upslope",NA,NA,"ess-dive-b924878d23c9dd7-20250214T163427929","g2","91dbfccf-8e4a-40aa-a374-77d4006dfd8c",NA,NA,1,1
"Pumphouse_Floodplain_C2_Downslope",38.92043812,-106.9488231,"ess-dive-b924878d23c9dd7-20250214T163427929",NA,"b08a8181-806c-457c-b4e9-073873f26942",38.920440335,-106.94882055,2,1
"Pumphouse_Floodplain_F1",38.92120173,-106.9479383,"ess-dive-b924878d23c9dd7-20250214T163427929",NA,"eca5e3d9-c8af-4a13-aae9-5399d89c2529",38.92119855,-106.9479476,4,1
"Pumphouse_Floodplain_F1_Snow_Pit_F1",38.92101504,-106.9480928,"ess-dive-b924878d23c9dd7-20250214T163427929",NA,"425e4938-8230-4368-a94d-e9dd14110205",38.92101504,-106.9480928,2,1
"Pumphouse_Floodplain_F1_Upslope",38.92101504,-106.9480928,"ess-dive-b924878d23c9dd7-20250214T163427929",NA,"425e4938-8230-4368-a94d-e9dd14110205",38.92101504,-106.9480928,2,1
"Pumphouse_Floodplain_F2",38.92120173,-106.9479383,"ess-dive-b924878d23c9dd7-20250214T163427929",NA,"eca5e3d9-c8af-4a13-aae9-5399d89c2529",38.92119855,-106.9479476,4,1
"Pumphouse_Floodplain_F2_Upslope",38.92118901,-106.9479755,"ess-dive-b924878d23c9dd7-20250214T163427929",NA,"eca5e3d9-c8af-4a13-aae9-5399d89c2529",38.92119855,-106.9479476,4,1
"Pumphouse_Floodplain_F3",38.92120173,-106.9479383,"ess-dive-b924878d23c9dd7-20250214T163427929",NA,"eca5e3d9-c8af-4a13-aae9-5399d89c2529",38.92119855,-106.9479476,4,1
"Pumphouse_Floodplain_F3_Upslope",38.92134244,-106.9477999,"ess-dive-b924878d23c9dd7-20250214T163427929",NA,"42113aa1-3ea3-434e-803f-1cd1a1a1fd95",38.92134244,-106.9477999,1,1
"Pumphouse_Hillslope_A1_Downslope",38.92027083,-106.9486578,"ess-dive-b924878d23c9dd7-20250214T163427929",NA,"c619af7f-62a8-4916-a0c4-cd0a73e8065e",38.9202495,-106.94866675,2,1
"Pumphouse_Hillslope_A1_Snow PitA1",38.92028116,-106.9489189,"ess-dive-b924878d23c9dd7-20250214T163427929",NA,"45b838d9-c8ad-4516-9159-f90788fdaf92",38.92028116,-106.9489189,1,1
"Pumphouse_Hillslope_A1_Snow_Pit_A1",38.91721605,-106.9559947,"ess-dive-b924878d23c9dd7-20250214T163427929",NA,"56ed2937-31be-4c22-89a3-a5a0ef243edf",38.91721605,-106.9559947,1,1
"Pumphouse_Hillslope_A1_Upslope",38.92022817,-106.9486757,"ess-dive-b924878d23c9dd7-20250214T163427929",NA,"c619af7f-62a8-4916-a0c4-cd0a73e8065e",38.9202495,-106.94866675,2,1
"Pumphouse_Hillslope_A2_Downslope",38.92025952,-106.9488273,"ess-dive-b924878d23c9dd7-20250214T163427929",NA,"21ac1012-d7c0-438e-b6e6-6d896c46148a",38.92025952,-106.9488273,1,1
"Pumphouse_Hillslope_A2_Upslope",38.92029772,-106.9487593,"ess-dive-b924878d23c9dd7-20250214T163427929",NA,"7073441f-bae7-495d-b883-de4c5c7e577a",38.92029772,-106.9487593,1,1
"Pumphouse_Hillslope_B1_Downslope",38.92034772,-106.9483399,"ess-dive-b924878d23c9dd7-20250214T163427929",NA,"1d690d88-9f1b-451b-863a-d1ff2fdd2953",38.92034772,-106.9483399,1,1
"Pumphouse_Hillslope_B1_Snow PitB1",38.92045766,-106.9484528,"ess-dive-b924878d23c9dd7-20250214T163427929",NA,"e4dc581f-bbc2-4aa9-847c-b16fada4fa66",38.92045766,-106.9484528,1,1
"Pumphouse_Hillslope_B1_Snow_Pit_B1",38.92039953,-106.948287,"ess-dive-b924878d23c9dd7-20250214T163427929",NA,"53d12c09-c7e4-4b68-bf0c-44feaea0d5b9",38.92039953,-106.948287,1,1
"Pumphouse_Hillslope_B1_Upslope",38.92030701,-106.9483947,"ess-dive-b924878d23c9dd7-20250214T163427929",NA,"fdeef053-2844-42c3-9aeb-82d01b2fac0e",38.9202810033333,-106.948382566667,3,2
"Pumphouse_Hillslope_B2_Downslope",38.92040592,-106.9484972,"ess-dive-b924878d23c9dd7-20250214T163427929",NA,"f5975920-5244-47c7-8939-057b6f720f70",38.92040592,-106.9484972,1,1
"Pumphouse_Hillslope_B2_Upslope",38.92034595,-106.9485022,"ess-dive-b924878d23c9dd7-20250214T163427929",NA,"8108eb1e-252c-410e-ae19-932f3b345357",38.9203549833333,-106.948529066667,3,2
"Pumphouse_Hillslope_C1_Downslope",38.92045047,-106.9486656,"ess-dive-b924878d23c9dd7-20250214T163427929",NA,"e348ac51-7729-4d7e-a022-6fad9abbd726",38.92045047,-106.9486656,1,1
"Pumphouse_Hillslope_C1_Snow PitC1",38.92057636,-106.948748,"ess-dive-b924878d23c9dd7-20250214T163427929",NA,"286d73d3-e9af-4835-ba59-1c0a0b5bfea7",38.92057636,-106.948748,1,1
"Pumphouse_Hillslope_C1_Upslope",38.92040586,-106.9486826,"ess-dive-b924878d23c9dd7-20250214T163427929",NA,"aeac6440-03d2-4a10-aeb8-f28ab720969f",38.92040586,-106.9486826,1,1
"Pumphouse_Hillslope_C2_Downslope",38.920496,-106.9487843,"ess-dive-b924878d23c9dd7-20250214T163427929",NA,"24b037c4-0a55-42da-bc93-9fd751e4c18d",38.920496,-106.9487843,1,1
"Pumphouse_Hillslope_C2_Upslope",38.92044255,-106.948818,"ess-dive-b924878d23c9dd7-20250214T163427929",NA,"b08a8181-806c-457c-b4e9-073873f26942",38.920440335,-106.94882055,2,1
"Pumphouse_Toeslope_TS",38.92068916,-106.9484571,"ess-dive-b924878d23c9dd7-20250214T163427929",NA,"a10abc57-7dc3-4dbf-9279-e12d06e93b78",38.92068916,-106.9484571,1,1
"Upper_Montane_A1_Downslope",NA,NA,"ess-dive-b924878d23c9dd7-20250214T163427929","g2","3b0c7301-2ac1-44c4-a755-aa874d3e4364",NA,NA,1,1
"Upper_Montane_A1_Upslope",NA,NA,"ess-dive-b924878d23c9dd7-20250214T163427929","g2","41d34365-d135-49e3-b32a-0bc8ec3be20e",NA,NA,1,1
"Upper_Montane_A2_Downslope",NA,NA,"ess-dive-b924878d23c9dd7-20250214T163427929","g2","e3073351-622e-472a-974a-f57c94eccc16",NA,NA,1,1
"Upper_Montane_B1_Downslope",NA,NA,"ess-dive-b924878d23c9dd7-20250214T163427929","g2","30791fc2-3e06-4ac8-a558-21f29126782e",NA,NA,1,1
"Upper_Montane_B1_Upslope",NA,NA,"ess-dive-b924878d23c9dd7-20250214T163427929","g2","13eba22d-01a2-4a23-81f0-72af73e38bf8",NA,NA,1,1
"Upper_Montane_B2_Downslope",NA,NA,"ess-dive-b924878d23c9dd7-20250214T163427929","g2","b35febe6-ce23-4561-a2e8-fc20d541e549",NA,NA,1,1
"Upper_Montane_C1_Downslope",NA,NA,"ess-dive-b924878d23c9dd7-20250214T163427929","g2","1c2fc729-fc97-486a-bea5-fdd9f3b717e0",NA,NA,1,1
"Upper_Montane_C1_Upslope",NA,NA,"ess-dive-b924878d23c9dd7-20250214T163427929","g2","08dc7bcd-f0bc-4b12-ac02-77dd74da71e8",NA,NA,1,1
"Upper_Montane_C2_Downslope",NA,NA,"ess-dive-b924878d23c9dd7-20250214T163427929","g2","5652f686-1b4e-4933-9c7f-fa847b755f87",NA,NA,1,1
"Upper_Subalpine_A1_Downslope",38.97409283,-107.0367513,"ess-dive-b924878d23c9dd7-20250214T163427929",NA,"fd9e2e46-21ee-4c7c-999c-0406361fe108",38.97409283,-107.0367513,3,1
"Upper_Subalpine_A1_Upslope",38.9740448,-107.0367259,"ess-dive-b924878d23c9dd7-20250214T163427929",NA,"bd8c7b4c-d4bc-41c6-9d6e-85b49fd17e21",38.9740448,-107.0367259,1,1
"Upper_Subalpine_B1_Downslope",38.97443553,-107.0365009,"ess-dive-b924878d23c9dd7-20250214T163427929",NA,"60d68d9f-af06-43b3-bb72-086bf077cf6c",38.97443553,-107.0365009,3,1
"Upper_Subalpine_B1_Upslope",38.97438861,-107.0365253,"ess-dive-b924878d23c9dd7-20250214T163427929",NA,"0e0c629f-a36b-4218-8a0b-e74fb6a75ed2",38.97438861,-107.0365253,1,1
"Upper_Subalpine_C1_Downslope",38.97438018,-107.0370661,"ess-dive-b924878d23c9dd7-20250214T163427929",NA,"8fa9d969-d107-4108-8016-98bb77dfe03b",38.974360125,-107.03707485,2,1
"Upper_Subalpine_C1_Upslope",38.97434007,-107.0370836,"ess-dive-b924878d23c9dd7-20250214T163427929",NA,"8fa9d969-d107-4108-8016-98bb77dfe03b",38.974360125,-107.03707485,2,1
"TMC1",38.9257931809788,-106.979362183091,"ess-dive-be919d7d5d42c94-20240130T205332180",NA,"3abee4f4-31a1-4dba-8ab1-535712234aca",38.9257931809788,-106.979362183091,1,1
"TMC2",38.9258721206958,-106.979786556771,"ess-dive-be919d7d5d42c94-20240130T205332180",NA,"6ed12b6f-2226-4e60-a7f0-b32546c16359",38.9258721206958,-106.979786556771,1,1
"TMC3",38.9259717772859,-106.980259031595,"ess-dive-be919d7d5d42c94-20240130T205332180",NA,"d87e6a26-700d-478e-972d-734ca700164b",38.9259717772859,-106.980259031595,1,1
"TMC4",38.9260373939275,-106.980613480766,"ess-dive-be919d7d5d42c94-20240130T205332180",NA,"eb1ef316-7ccc-494e-aec3-642f4e1c0f06",38.9260373939275,-106.980613480766,1,1
"TMC5",38.926141804935,-106.98115599215,"ess-dive-be919d7d5d42c94-20240130T205332180",NA,"7ebf5034-a67d-42f5-9b60-37961a99cdbc",38.926141804935,-106.98115599215,1,1
"TMC6",38.9262284245004,-106.981568125747,"ess-dive-be919d7d5d42c94-20240130T205332180",NA,"39e46e16-2366-4e1d-b693-8bf592a25633",38.9262284245004,-106.981568125747,1,1
"ER_SMN10",38.9207077343745,-106.948702080297,"ess-dive-beca0be9bb38ece-20250516T122010234",NA,"9d07747d-37d6-4207-aa75-72e461e1aa72",38.9207077343745,-106.948702080297,2,1
"ER_SMN1B",38.9207077343745,-106.948702080297,"ess-dive-beca0be9bb38ece-20250516T122010234",NA,"9d07747d-37d6-4207-aa75-72e461e1aa72",38.9207077343745,-106.948702080297,2,1
"ER_SMN30",38.9208688966776,-106.948579960176,"ess-dive-beca0be9bb38ece-20250516T122010234",NA,"34f41077-b5d9-4db4-949f-c33f9d470ef9",38.9208561446857,-106.948589992025,3,2
"ER_SMN3B",38.9208688966776,-106.948579960176,"ess-dive-beca0be9bb38ece-20250516T122010234",NA,"34f41077-b5d9-4db4-949f-c33f9d470ef9",38.9208561446857,-106.948589992025,3,2
"ER_SMN4B",38.9210221440889,-106.94846777307,"ess-dive-beca0be9bb38ece-20250516T122010234",NA,"ababc4c4-af4f-4136-bcfe-7c7da1507560",38.9210226132129,-106.948474798083,3,3
"ER_SMN5B",38.9211385271994,-106.94848041539,"ess-dive-beca0be9bb38ece-20250516T122010234",NA,"001daa56-7320-4cbf-b609-9fadaa02ec67",38.9211358935997,-106.948475307695,2,2
"ER_SMS1",38.9224411057294,-106.947128462094,"ess-dive-beca0be9bb38ece-20250516T122010234",NA,"bc474f57-ee0c-431c-9629-3c5c38738077",38.9224411057294,-106.947128462094,1,1
"ER_SMS2",38.9231586610854,-106.946881864614,"ess-dive-beca0be9bb38ece-20250516T122010234",NA,"6373b65c-5b46-44bd-8b86-04722577e137",38.9231586610854,-106.946881864614,1,1
"ER_SMS3",38.9235877220968,-106.946536944437,"ess-dive-beca0be9bb38ece-20250516T122010234",NA,"663b762b-22ac-4127-bfdf-b7ec39dd89a2",38.9235877220968,-106.946536944437,1,1
"ER-PHS1",38.92,-106.95,"ess-dive-c37aaf9ed6d4c0d-20230504T205923265966","g1","c7045603-bb13-46c4-b6c2-00d57e978514",38.9199796,-106.949657266667,3,3
"ER-PHS2",38.922583,-106.947288,"ess-dive-c37aaf9ed6d4c0d-20230504T205923265966","g1","0db4c220-f316-48eb-8118-104809d19d4f",38.9225828666667,-106.9472881,3,3
"ER-PHS3",38.92065,-106.951659,"ess-dive-c37aaf9ed6d4c0d-20230504T205923265966","g1","848ad6b4-1614-4d36-b70f-81ebf3ba09b2",38.9206499,-106.9516588,2,2
"ER-PHS4",38.920558,-106.95154,"ess-dive-c37aaf9ed6d4c0d-20230504T205923265966","g1","66f30a97-259c-4ae4-9e0d-806c5d74fc6d",38.92055805,-106.95154,2,2
"P1",38.96071917,-106.9910977,"ess-dive-daa156d2129c471-20250716T160748658",NA,"fb52533b-2767-4fdc-b87a-320300a1ea67",38.96071917,-106.9910977,1,1
"P2",38.96067806,-106.9910133,"ess-dive-daa156d2129c471-20250716T160748658",NA,"6846e7c8-1924-46a0-8788-3471159f1244",38.96067806,-106.9910133,1,1
"aspen",38.9581589,-106.9855848,"ess-dive-e67ab1151ebc525-20230929T190307767",NA,"2ba99f87-4ca2-438a-ad01-b8c0bbca1fce",38.9581589,-106.9855848,2,1
"conifer",38.9581589,-106.9855848,"ess-dive-e67ab1151ebc525-20230929T190307767",NA,"2ba99f87-4ca2-438a-ad01-b8c0bbca1fce",38.9581589,-106.9855848,2,1
"001-ER18",38.957229,-106.9861,"ess-dive-f782da867133296-20230504T211008637996","g1","54ba3b03-ed06-4777-9625-9329032ca0c8",38.9572312263213,-106.986106357142,2,2
"002-ER18",38.957288,-106.9861,"ess-dive-f782da867133296-20230504T211008637996","g1","159c389f-9931-4c05-879e-35a19ae44bc4",38.9572894039403,-106.986107538794,2,2
"003-ER18",38.957368,-106.98616,"ess-dive-f782da867133296-20230504T211008637996","g1","f3e688ea-b4d6-4371-bc02-66c50d0fceb6",38.9573694848775,-106.986164871302,2,2
"004-ER18",38.957477,-106.98611,"ess-dive-f782da867133296-20230504T211008637996","g1","c991595a-aa14-42a3-a5bb-fe1fdfb6ca86",38.9574773394205,-106.986112603434,2,2
"005-ER18",38.957461,-106.98623,"ess-dive-f782da867133296-20230504T211008637996","g1","199252be-98e9-4a4d-aa6d-24ab55d5fa62",38.9574636802295,-106.986237744884,2,2
"006-ER18",38.957868,-106.98483,"ess-dive-f782da867133296-20230504T211008637996","g1","0a8679b3-ff30-4bee-b90f-ec5151f37766",38.9578704093326,-106.98483877406,2,2
"007-ER18",38.957824,-106.98475,"ess-dive-f782da867133296-20230504T211008637996","g1","4549badb-72f6-48b0-8593-eb5dcdbf179d",38.9578269190228,-106.984759099425,2,2
"008-ER18",38.957823,-106.98483,"ess-dive-f782da867133296-20230504T211008637996","g1","6d075119-a228-4a4c-ac0d-fbd813808d2a",38.9578237189924,-106.984838641342,2,2
"009-ER18",38.957937,-106.9845,"ess-dive-f782da867133296-20230504T211008637996","g1","2ee8ad9f-87a6-4ac6-920c-298684e498db",38.9579388916152,-106.984508786637,2,2
"010-ER18",38.921891,-106.95189,"ess-dive-f782da867133296-20230504T211008637996","g1","d1ad3eb0-fdab-4432-bd0d-3afed7e01b33",38.921891246617,-106.951895308353,2,2
"011-ER18",38.921874,-106.95211,"ess-dive-f782da867133296-20230504T211008637996","g1","692c3443-8209-47d8-89f8-80f0d1538bbe",38.9218748054735,-106.952116454787,2,2
"012-ER18",38.921828,-106.9522,"ess-dive-f782da867133296-20230504T211008637996","g1","718ccd11-cbac-404a-8674-6eaf52c5040c",38.9218272866876,-106.952205178334,2,2
"013-ER18",38.921662,-106.95241,"ess-dive-f782da867133296-20230504T211008637996","g1","3b4a60a3-5a73-4b3e-8dcc-6b0873d9bdf4",38.921662848323,-106.952414286408,2,2
"014-ER18",38.921775,-106.95265,"ess-dive-f782da867133296-20230504T211008637996","g1","d12cc8cc-7aaa-4ffe-b8c8-85171d97eb0d",38.9217742450009,-106.952654047155,2,2
"015-ER18",38.921582,-106.95262,"ess-dive-f782da867133296-20230504T211008637996","g1","07630688-b9c1-4721-b238-61265fc54b18",38.9215813909958,-106.952624876648,2,2
"016-ER18",38.921584,-106.95276,"ess-dive-f782da867133296-20230504T211008637996","g1","9e6468a5-60af-40b6-8281-0661aeb0943d",38.9215847064949,-106.952766504678,2,2
"017-ER18",38.921531,-106.95267,"ess-dive-f782da867133296-20230504T211008637996","g1","7a7d51fb-deef-4498-92fb-104c9186e024",38.9215316209133,-106.952673340917,2,2
"018-ER18",38.921552,-106.95302,"ess-dive-f782da867133296-20230504T211008637996","g1","a2ff3c85-574d-43d0-8460-49e0f60e64ba",38.9215514519082,-106.953025711565,2,2
"019-ER18",38.92152,-106.95282,"ess-dive-f782da867133296-20230504T211008637996","g1","027d8f91-23e7-461e-b7f8-1656da513153",38.9215184748352,-106.952822965706,2,2
"021-ER18",38.95691,-106.98749,"ess-dive-f782da867133296-20230504T211008637996","g1","cd3f5ec3-1068-4543-8a70-0889efc7f060",38.9569096330028,-106.987494370456,2,2
"022-ER18",38.956973,-106.98741,"ess-dive-f782da867133296-20230504T211008637996","g1","53fc55cf-061c-421a-a77b-a45d8f846a02",38.9569757692876,-106.987415184957,2,2
"023-ER18",38.957091,-106.98684,"ess-dive-f782da867133296-20230504T211008637996","g1","4052d537-5b64-44c8-9e0f-7271acebf3d9",38.9570931913742,-106.98684773132,2,2
"024-ER18",38.957034,-106.98672,"ess-dive-f782da867133296-20230504T211008637996","g1","c6ec0419-2504-4d78-a1ae-03f7edd5430f",38.9570353316747,-106.986728720697,2,2
"026-ER18",38.956511,-106.98646,"ess-dive-f782da867133296-20230504T211008637996","g1","9e83e5b6-f385-4a7b-9c26-a6841f892ba2",38.9565137591891,-106.986471186981,2,2
"027-ER18",38.956822,-106.98619,"ess-dive-f782da867133296-20230504T211008637996","g1","c77c537c-e484-4adf-985a-e660f2f501d5",38.9568248917386,-106.986197120859,2,2
"028-ER18",38.956765,-106.98611,"ess-dive-f782da867133296-20230504T211008637996","g1","3a7efc7d-f7dc-48de-8b70-da3c3a61794c",38.9567668913556,-106.986116940007,2,2
"029-ER18",38.956699,-106.98575,"ess-dive-f782da867133296-20230504T211008637996","g1","60b3f1fa-2f9b-4d83-b3db-f089d98c4735",38.956701004166,-106.985759598939,2,2
"030-ER18",38.956705,-106.98593,"ess-dive-f782da867133296-20230504T211008637996","g1","492f9939-e36b-43af-a410-4a9d221abdbf",38.9567060587164,-106.985935340409,2,2
"031-ER18",38.95712,-106.98615,"ess-dive-f782da867133296-20230504T211008637996","g1","999838ec-9cd5-459c-b993-a6bf53be1536",38.9571049994409,-106.986136947487,2,2
"032-ER18",38.95769,-106.9856,"ess-dive-f782da867133296-20230504T211008637996","g1","20117162-9686-4a3e-a840-3138609be448",38.95769,-106.9856,1,1
"033-ER18",38.92172,-106.95356,"ess-dive-f782da867133296-20230504T211008637996","g1","65519eae-cbcf-4664-93db-d5f85fa3f0aa",38.92171400337,-106.95356061752,2,2
"034-ER18",38.921865,-106.95376,"ess-dive-f782da867133296-20230504T211008637996","g1","7328c326-1803-49da-a281-8e5244e097cb",38.9218669370466,-106.953764603029,2,2
"035-ER18",38.920659,-106.95145,"ess-dive-f782da867133296-20230504T211008637996","g1","24138e23-559b-4c99-806f-714fe2a823f6",38.9206561152232,-106.951445378332,2,2
"036-ER18",38.920605,-106.95147,"ess-dive-f782da867133296-20230504T211008637996","g1","4ee7d803-ab76-47a0-92de-6232c6000fac",38.9206032922898,-106.951472035393,2,2
"037-ER18",38.920454,-106.95134,"ess-dive-f782da867133296-20230504T211008637996","g1","2a7e8863-e052-4b89-b6d0-9a3919111ba3",38.920452567314,-106.951341680648,2,2
"038-ER18",38.92037,-106.95135,"ess-dive-f782da867133296-20230504T211008637996","g1","2708a066-c2d9-48ae-8061-89fe20799424",38.9203780490341,-106.951351522103,2,2
"039-ER18",38.920603,-106.95163,"ess-dive-f782da867133296-20230504T211008637996","g1","e3bf2cb6-9ab5-4e8b-b086-d8df1fffce83",38.9206026317355,-106.951628721918,2,2
"040-ER18",38.920632,-106.95154,"ess-dive-f782da867133296-20230504T211008637996","g1","807bf431-48b4-4246-a76f-5d3fedf4219d",38.9206246060787,-106.951535485083,2,2
"041-ER18",38.919704,-106.95173,"ess-dive-f782da867133296-20230504T211008637996","g1","69922c9e-5cf1-4603-8617-2938d8299266",38.919704,-106.95173,1,1
"042-ER18",38.919887,-106.95154,"ess-dive-f782da867133296-20230504T211008637996","g1","93215534-240c-4243-b9c3-77a0e0265cd9",38.9199049265537,-106.951522615208,2,2
"043-ER18",38.927272,-106.98046,"ess-dive-f782da867133296-20230504T211008637996","g1","b87e8520-9aa5-4454-b841-693d59e90737",38.9272707971238,-106.980453326667,2,2
"044-ER18",38.920993,-106.95093,"ess-dive-f782da867133296-20230504T211008637996","g1","e59684e9-46b0-461d-a7b0-9b6348208761",38.9209931715834,-106.950935645555,2,2
"045-ER18",38.920918,-106.95081,"ess-dive-f782da867133296-20230504T211008637996","g1","c2556840-6176-414a-acf4-07346a4f3686",38.9209298074552,-106.950809080771,4,2
"046-ER18",38.920866,-106.95097,"ess-dive-f782da867133296-20230504T211008637996","g1","98a47278-30c3-44e4-850c-4337cb005370",38.9208668167969,-106.950974956252,2,2
"047-ER18",38.920941,-106.9508,"ess-dive-f782da867133296-20230504T211008637996","g1","c2556840-6176-414a-acf4-07346a4f3686",38.9209298074552,-106.950809080771,4,2
"048-ER18",38.920768,-106.95091,"ess-dive-f782da867133296-20230504T211008637996","g1","49a5110d-f25a-4915-9746-9c567ec39f9f",38.9207670132195,-106.950917116642,2,2
"049-ER18",NA,NA,"ess-dive-f782da867133296-20230504T211008637996","g2","51a893a4-f76e-4ef0-bd3b-405bb7fd85be",NA,NA,1,1
"050-ER18",38.920598,-106.95087,"ess-dive-f782da867133296-20230504T211008637996","g1","4a2ead6e-e703-46e7-88c8-b3ea8cc959f7",38.920597987629,-106.950873096049,2,2
"051-ER18",38.920701,-106.95117,"ess-dive-f782da867133296-20230504T211008637996","g1","bf6e5600-d19c-4c00-ac7a-cee122e80259",38.9207015389685,-106.951175711627,2,2
"052-ER18",38.920868,-106.95086,"ess-dive-f782da867133296-20230504T211008637996","g1","9668f963-4da5-45cd-9a60-e58f5c641132",38.9208686931357,-106.950864841099,2,2
"053-ER18",38.920851,-106.95135,"ess-dive-f782da867133296-20230504T211008637996","g1","8e838e01-99c7-4ee8-9a17-5a9fbde499d1",38.9208503712928,-106.951352389585,2,2
"054-ER18",38.920831,-106.95118,"ess-dive-f782da867133296-20230504T211008637996","g1","eea4e215-68f8-4eb7-b264-55e4c89292b8",38.9208302374316,-106.951186389984,2,2
"055-ER18",38.923004,-106.94999,"ess-dive-f782da867133296-20230504T211008637996","g1","b9026321-8240-41ec-986a-32445cb155de",38.9230039060702,-106.949997056116,2,2
"056-ER18",38.923082,-106.94965,"ess-dive-f782da867133296-20230504T211008637996","g1","a5b1d03d-c2b7-4be4-b0f8-65c033665aff",38.9230821650512,-106.949656058854,2,2
"057-ER18",38.92248,-106.95009,"ess-dive-f782da867133296-20230504T211008637996","g1","8fe664dc-5fc9-43d1-9e83-1e1db5ee01f9",38.922478000211,-106.950095119897,2,2
"058-ER18",38.92201,-106.95018,"ess-dive-f782da867133296-20230504T211008637996","g1","2ba85ea7-e590-4fe8-8aa1-e047f48ce776",38.9220090664267,-106.950184730356,2,2
"059-ER18",38.92202,-106.95035,"ess-dive-f782da867133296-20230504T211008637996","g1","094fa906-a33a-48d4-a615-22b66e6e11ac",38.9220202318852,-106.950353696397,2,2
"060-ER18",38.921769,-106.95052,"ess-dive-f782da867133296-20230504T211008637996","g1","fc25c2c2-7a46-4aa8-8615-a94512b103b2",38.9217681457753,-106.9505270774,2,2
"061-ER18",38.921533,-106.95174,"ess-dive-f782da867133296-20230504T211008637996","g1","a3c9f3d7-86c9-4126-9cc2-a0ac3b274240",38.9215332224221,-106.951744183038,2,2
"062-ER18",38.921254,-106.95146,"ess-dive-f782da867133296-20230504T211008637996","g1","50f3b0fb-291e-4ab6-98df-52170951cd41",38.9212539712512,-106.951464122004,2,2
"063-ER18",38.921183,-106.95165,"ess-dive-f782da867133296-20230504T211008637996","g1","37ad8f8a-6a61-4327-9035-2ff390938f1d",38.9211816020436,-106.951654416773,2,2
"064-ER18",38.920534,-106.95114,"ess-dive-f782da867133296-20230504T211008637996","g1","99235d89-3f9a-4856-81c6-29203eaf5c01",38.9205448888489,-106.951159573922,3,3
"065-ER18",38.927266,-106.97917,"ess-dive-f782da867133296-20230504T211008637996","g1","dc5e37ec-b739-4db2-8e40-4bb2c743a0f2",38.9272677822356,-106.979179878214,2,2
"066-ER18",38.927241,-106.97933,"ess-dive-f782da867133296-20230504T211008637996","g1","85fc426c-451a-4253-942b-ca5d204111ca",38.9272432028199,-106.979339890693,2,2
"067-ER18",38.927039,-106.97924,"ess-dive-f782da867133296-20230504T211008637996","g1","0e581682-09fc-4b51-affb-a551579435a8",38.927043754353,-106.979247708915,2,2
"068-ER18",38.927114,-106.97936,"ess-dive-f782da867133296-20230504T211008637996","g1","f4de2f98-5e6a-40ed-bece-2f6b1feb0e36",38.9271173831942,-106.979368949828,2,2
"069-ER18",38.927235,-106.97941,"ess-dive-f782da867133296-20230504T211008637996","g1","4bd5d3cf-50e3-42e2-b82c-112c4e48cf76",38.9272390861017,-106.979419165755,2,2
"070-ER18",38.927161,-106.9795,"ess-dive-f782da867133296-20230504T211008637996","g1","750737ff-ea2a-4bd3-9cbf-fba8fa78bdb5",38.9271651154233,-106.979510985777,2,2
"071-ER18",38.926902,-106.97352,"ess-dive-f782da867133296-20230504T211008637996","g1","5bcd5feb-558c-4175-961f-7219928fe34b",38.9269029631794,-106.973511244495,2,2
"072-ER18",38.926992,-106.97351,"ess-dive-f782da867133296-20230504T211008637996","g1","ea255ab2-3665-46cc-8745-0e9d82a6dd1e",38.9269915730532,-106.973503588989,2,2
"073-ER18",38.926899,-106.97366,"ess-dive-f782da867133296-20230504T211008637996","g1","9f2c8bbd-16be-4989-80a9-f2456d4a10c4",38.9268980301505,-106.973653705288,2,2
"074-ER18",38.927083,-106.97319,"ess-dive-f782da867133296-20230504T211008637996","g1","196488e6-9f58-4af1-b5ef-38830c4f01fa",38.9270834314592,-106.973183727787,2,2
"075-ER18",38.92705,-106.97304,"ess-dive-f782da867133296-20230504T211008637996","g1","0ed09895-97c3-4954-88ff-95194dd0f7d7",38.9270702767195,-106.973041024723,4,2
"076-ER18",38.92709,-106.97306,"ess-dive-f782da867133296-20230504T211008637996","g1","0ed09895-97c3-4954-88ff-95194dd0f7d7",38.9270702767195,-106.973041024723,4,2
"077-ER18",38.927026,-106.97288,"ess-dive-f782da867133296-20230504T211008637996","g1","73b367b0-ce32-4833-92ee-d2a83cbedd3e",38.9270258237507,-106.97287177558,2,2
"078-ER18",38.927014,-106.97277,"ess-dive-f782da867133296-20230504T211008637996","g1","0c84876c-6a28-4480-a845-5d91f746ee27",38.9270123856368,-106.972761085423,2,2
"079-ER18",38.927011,-106.97268,"ess-dive-f782da867133296-20230504T211008637996","g1","dd307422-6586-4f9f-aca4-efa538b3415e",38.9270395742595,-106.972643500954,6,2
"080-ER18",38.927247,-106.9723,"ess-dive-f782da867133296-20230504T211008637996","g1","762dfdf4-5085-465a-a1cb-d572ca490762",38.9272482121811,-106.972292453168,2,2
"081-ER18",38.927043,-106.97265,"ess-dive-f782da867133296-20230504T211008637996","g1","dd307422-6586-4f9f-aca4-efa538b3415e",38.9270395742595,-106.972643500954,6,2
"082-ER18",38.927301,-106.97255,"ess-dive-f782da867133296-20230504T211008637996","g1","7e064080-44a9-4161-b0e4-92952093351f",38.9273008141128,-106.972541981139,2,2
"083-ER18",38.927066,-106.97262,"ess-dive-f782da867133296-20230504T211008637996","g1","dd307422-6586-4f9f-aca4-efa538b3415e",38.9270395742595,-106.972643500954,6,2
"084-ER18",38.927547,-106.97243,"ess-dive-f782da867133296-20230504T211008637996","g1","5e865870-6c3d-4e1b-8a11-f576dd35cda5",38.927548205099,-106.97242314861,2,2
"085-ER18",38.92772,-106.97866,"ess-dive-f782da867133296-20230504T211008637996","g1","ec825033-6158-4f39-8d70-e8d5ec331e97",38.927722143096,-106.978665403148,2,2
"086-ER18",38.927832,-106.97794,"ess-dive-f782da867133296-20230504T211008637996","g1","684395d5-b1a8-402b-8a68-dd6c671721a3",38.9278350024383,-106.97794640802,2,2
"087-ER18",38.927743,-106.97733,"ess-dive-f782da867133296-20230504T211008637996","g1","d471fb04-c756-495f-acf3-4f4f0bd012dd",38.9277482500794,-106.977335345751,2,2
"088-ER18",38.926729,-106.97787,"ess-dive-f782da867133296-20230504T211008637996","g1","45548dce-726a-48de-9345-64b7511b15a5",38.926731228459,-106.97787602342,2,2
"089-ER18",38.927379,-106.97325,"ess-dive-f782da867133296-20230504T211008637996","g1","1af834c3-8762-4148-90a8-1aa6f69a4037",38.927379,-106.97325,1,1
"090-ER18",38.927458,-106.97334,"ess-dive-f782da867133296-20230504T211008637996","g1","768dda65-41bb-41c1-bbda-5550b5162e57",38.9274580209974,-106.973333919935,2,2
"091-ER18",38.927967,-106.97306,"ess-dive-f782da867133296-20230504T211008637996","g1","7b6ef98d-9536-49f2-9844-31f3f37af521",38.9279669432171,-106.973051797014,2,2
"092-ER18",38.928202,-106.97312,"ess-dive-f782da867133296-20230504T211008637996","g1","bf39305d-1448-4c2f-bc4f-e7c51f57a2ae",38.9282014759554,-106.97311444962,2,2
"093-ER18",38.928463,-106.9734,"ess-dive-f782da867133296-20230504T211008637996","g1","faf0f89b-a6ad-48b4-a2f6-f30f906d3d24",38.9284645307028,-106.97339489821,2,2
"094-ER18",38.928128,-106.97371,"ess-dive-f782da867133296-20230504T211008637996","g1","4b3b1ca9-838d-4389-a388-42707e353279",38.9281298089991,-106.9737038048,2,2
"095-ER18",38.927578,-106.97988,"ess-dive-f782da867133296-20230504T211008637996","g1","717033d3-9d11-427f-b7ca-e07fb5c2936e",38.927578,-106.97988,1,1
"096-ER18",38.927245,-106.98066,"ess-dive-f782da867133296-20230504T211008637996","g1","db5b326b-c72c-4ac2-accb-a0c703017d7d",38.9272342071792,-106.98065292503,2,2
"097-ER18",38.927808,-106.98023,"ess-dive-f782da867133296-20230504T211008637996","g1","b116db0f-8458-4391-a2a1-9b419994a9f3",38.927813727035,-106.98022270826,2,2
"098-ER18",38.927711,-106.98033,"ess-dive-f782da867133296-20230504T211008637996","g1","06eda81d-4449-4001-b803-2bc97b88a61d",38.9277017115732,-106.980333335861,2,2
"099-ER18",38.927998,-106.97424,"ess-dive-f782da867133296-20230504T211008637996","g1","3b8d5d43-580f-4eaa-a0bd-492df259fde9",38.9279943999287,-106.974232072658,2,2
"100-ER18",38.927451,-106.9742,"ess-dive-f782da867133296-20230504T211008637996","g1","8962f4b7-490b-465f-8c58-13e7eaef8a46",38.927451,-106.9742,1,1
"101-ER18",38.927544,-106.97426,"ess-dive-f782da867133296-20230504T211008637996","g1","903d270e-c6c4-4235-9769-0b492d7236a3",38.9275316512685,-106.974241678198,2,2
"102-ER18",38.927547,-106.97347,"ess-dive-f782da867133296-20230504T211008637996","g1","0928796c-20fe-4944-9ff0-3dd23348575b",38.9275471669007,-106.973462874393,2,2
"103-ER18",38.927336,-106.97291,"ess-dive-f782da867133296-20230504T211008637996","g1","6bb5929d-e881-4cb9-834b-955fcdc95c5a",38.9273303092853,-106.972902522081,2,2
"104-ER18",38.987082,-107.00545,"ess-dive-f782da867133296-20230504T211008637996","g1","d6ba036c-947a-4c76-b034-c66dae8dcfa7",38.987083555919,-107.00545606897,2,2
"105-ER18",38.986841,-107.00534,"ess-dive-f782da867133296-20230504T211008637996","g1","6612aa43-3c7e-4369-83eb-69b5ca62b077",38.9868413628869,-107.005346628884,2,2
"106-ER18",38.986848,-107.00494,"ess-dive-f782da867133296-20230504T211008637996","g1","16a1730e-6dc1-4420-b564-90c27b19db5c",38.9868492389202,-107.004947107859,2,2
"107-ER18",38.986554,-107.00471,"ess-dive-f782da867133296-20230504T211008637996","g1","53088208-f25e-4e79-a4bf-e3af720552b7",38.9865555015465,-107.004717131348,2,2
"108-ER18",38.986361,-107.0047,"ess-dive-f782da867133296-20230504T211008637996","g1","c2cbdf73-1e29-4111-a1b5-bde77001d5ef",38.9863629099097,-107.004704132479,2,2
"109-ER18",38.98602,-107.00489,"ess-dive-f782da867133296-20230504T211008637996","g1","81aff787-98b3-4529-8210-d20942e2e4ca",38.9860209698672,-107.004889452173,2,2
"110-ER18",38.985411,-107.00492,"ess-dive-f782da867133296-20230504T211008637996","g1","2709a23d-b11f-453a-b360-e5d3dd7794d2",38.9854108758818,-107.004928765598,2,2
"111-ER18",38.985465,-107.00491,"ess-dive-f782da867133296-20230504T211008637996","g1","19e15bf7-0c58-4b1c-b2cc-94fb4cf3a45c",38.9854656968937,-107.004914478011,2,2
"112-ER18",38.986253,-107.00547,"ess-dive-f782da867133296-20230504T211008637996","g1","f786986c-ba7b-46be-90c3-7b514da6cb60",38.9862541673937,-107.00547731456,2,2
"113-ER18",38.986426,-107.00538,"ess-dive-f782da867133296-20230504T211008637996","g1","bbbe2afb-b747-4047-ab5f-35c7ef712b7f",38.9864262820635,-107.005386745479,2,2
"114-ER18",38.987348,-107.00404,"ess-dive-f782da867133296-20230504T211008637996","g1","c9267c0e-3a87-49f1-8f01-35b8dea4f9c5",38.9873313026225,-107.00402491314,2,2
"115-ER18",38.9874,-107.00394,"ess-dive-f782da867133296-20230504T211008637996","g1","4781b457-5ae7-49de-91de-3abfb8fe0224",38.9873906339018,-107.00392547136,2,2
"116-ER18",38.988511,-107.00558,"ess-dive-f782da867133296-20230504T211008637996","g1","4e7d5c34-d396-4bab-98e1-e19b20b3e322",38.988511,-107.00558,1,1
"117-ER18",38.988447,-107.00561,"ess-dive-f782da867133296-20230504T211008637996","g1","25cacf19-54d8-453e-98fe-676e090e3def",38.9884389082784,-107.00561382131,2,2
"118-ER18",38.989248,-107.00654,"ess-dive-f782da867133296-20230504T211008637996","g1","601c8638-6118-465b-9230-d007750c2af8",38.9892458803023,-107.006543827073,2,2
"119-ER18",38.989288,-107.00665,"ess-dive-f782da867133296-20230504T211008637996","g1","9645ea0a-10b8-4cf5-aa1b-4c819319b923",38.9892914886173,-107.006650078012,2,2
"120-ER18",38.982461,-107.00887,"ess-dive-f782da867133296-20230504T211008637996","g1","71e27981-52c3-496e-8683-d34562a371cc",38.9824448062613,-107.008870977491,2,2
"121-ER18",38.982342,-107.00933,"ess-dive-f782da867133296-20230504T211008637996","g1","7335fe20-8473-4475-b734-5a3b6a620f65",38.982342,-107.00933,1,1
"122-ER18",38.982675,-107.01017,"ess-dive-f782da867133296-20230504T211008637996","g1","c5d18ff0-c508-4e5a-9068-6e74903eb047",38.9826756999602,-107.010169312278,2,2
"126-ER18",38.939028,-107.0124,"ess-dive-f782da867133296-20230504T211008637996","g1","99b145f4-835a-4237-af64-4377229c5a69",38.939028,-107.0124,1,1
"128-ER18",38.939784,-107.0137,"ess-dive-f782da867133296-20230504T211008637996","g1","7dc681b2-7d7f-4bc3-af03-5eb319e8ad45",38.9398045210487,-107.013702697044,2,2
"129-ER18",38.939684,-107.01378,"ess-dive-f782da867133296-20230504T211008637996","g1","de698d52-1e24-4fc8-b257-daece843c083",38.9396843319918,-107.01377918736,2,2
"130-ER18",38.937274,-107.01349,"ess-dive-f782da867133296-20230504T211008637996","g1","5f101a20-cae0-4bf6-b9c0-6977801e7b71",38.9372831812117,-107.013484934302,2,2
"131-ER18",38.937385,-107.01288,"ess-dive-f782da867133296-20230504T211008637996","g1","8782d365-da45-4e7f-bc07-8aec6c368123",38.9373835519897,-107.012884899098,2,2
"132-ER18",38.937293,-107.0116,"ess-dive-f782da867133296-20230504T211008637996","g1","68dcc484-9ae1-4c27-9126-4cc655190cea",38.9372955833867,-107.011598530561,2,2
"133-ER18",38.936757,-107.01195,"ess-dive-f782da867133296-20230504T211008637996","g1","b0383682-8078-4714-983a-c08cc09925f1",38.9367273435069,-107.011949614072,2,2
"134-ER18",38.937038,-107.01314,"ess-dive-f782da867133296-20230504T211008637996","g1","8b6f7231-0c0c-41d8-bc30-5232d977e34b",38.9370467298417,-107.013143488768,2,2
"135-ER18",38.936883,-107.01269,"ess-dive-f782da867133296-20230504T211008637996","g1","c0abecd4-da8e-447d-b159-d7765dc50f1a",38.9368871484873,-107.012813905875,2,2
"136-ER18",38.936861,-107.01241,"ess-dive-f782da867133296-20230504T211008637996","g1","19a3dc70-3793-457c-876a-abd0f4806bd9",38.9368676906871,-107.012414650734,2,2
"137-ER18",38.936339,-107.01263,"ess-dive-f782da867133296-20230504T211008637996","g1","6e88480f-0bb6-4f04-8eb2-23537bf88e12",38.9363471361377,-107.012635141081,2,2
"138-ER18",38.935903,-107.01205,"ess-dive-f782da867133296-20230504T211008637996","g1","10dcfea4-1749-4595-a8b4-aa04d328a02c",38.9359115890496,-107.012054833146,2,2
"139-ER18",38.935431,-107.01223,"ess-dive-f782da867133296-20230504T211008637996","g1","dc8b3328-ff91-442a-b891-726eeccd9a78",38.935431,-107.01223,1,1
"140-ER18",38.935454,-107.01352,"ess-dive-f782da867133296-20230504T211008637996","g1","f89eaca3-ad97-4cc7-8e67-4ee3344d4d41",38.935454,-107.01352,1,1
"141-ER18",38.93567,-107.01332,"ess-dive-f782da867133296-20230504T211008637996","g1","878cf78d-25b6-455d-906f-3432ced337ed",38.9356775853368,-107.013325062215,2,2
"142-ER18",38.936354,-107.01307,"ess-dive-f782da867133296-20230504T211008637996","g1","f1df75e1-c9be-4161-ae07-903748244e76",38.936354,-107.01307,1,1
"143-ER18",38.936866,-107.01315,"ess-dive-f782da867133296-20230504T211008637996","g1","0af2d977-05f6-4fb1-a321-bebb35921ad8",38.936866,-107.01315,1,1
"144-ER18",38.98771,-107.00244,"ess-dive-f782da867133296-20230504T211008637996","g1","a1e91d6e-14d2-4579-9c6b-638087df7065",38.9877107221029,-107.002447623195,2,2
"145-ER18",38.987809,-107.00247,"ess-dive-f782da867133296-20230504T211008637996","g1","d7c30093-eb0d-47a3-a13c-d73998075090",38.9878086107059,-107.002475526281,2,2
"146-ER18",38.987631,-107.00264,"ess-dive-f782da867133296-20230504T211008637996","g1","c53d4c46-739d-46e2-8c2c-a38a08715d19",38.9876318520574,-107.002644443548,2,2
"147-ER18",38.987527,-107.00288,"ess-dive-f782da867133296-20230504T211008637996","g1","1f5fd109-6cd7-4f78-b18d-3b741f0261b8",38.9875266273526,-107.002888886883,2,2
"148-ER18",38.987276,-107.00309,"ess-dive-f782da867133296-20230504T211008637996","g1","e4057885-f8c4-4429-a7ff-7d30151cae71",38.9872773046866,-107.003097498054,2,2
"149-ER18",38.98745,-107.00317,"ess-dive-f782da867133296-20230504T211008637996","g1","556f99ae-0d86-47e0-a38e-dd6a84785506",38.9874499063626,-107.003176578235,2,2
"150-ER18",38.987137,-107.00333,"ess-dive-f782da867133296-20230504T211008637996","g1","de9ca1b5-7583-4aec-87c7-2c4e384a6949",38.9871364298248,-107.003333728205,2,2
"151-ER18",38.987337,-107.00323,"ess-dive-f782da867133296-20230504T211008637996","g1","83e6b168-c1f8-4ca7-8bae-5737380c8a2e",38.9873371088317,-107.003234482326,2,2
"152-ER18",38.986541,-107.00417,"ess-dive-f782da867133296-20230504T211008637996","g1","248cfcf3-4038-441e-b8b8-277133514e8d",38.9865419132982,-107.004172754617,2,2
"153-ER18",38.987249,-107.00337,"ess-dive-f782da867133296-20230504T211008637996","g1","5166683f-a88a-4f82-80cc-a7f5bcbd43cd",38.9872487483862,-107.00337706106,2,2
"154-ER18",38.982841,-107.00975,"ess-dive-f782da867133296-20230504T211008637996","g1","59c704da-0c4c-40ae-9deb-57fb83873e1c",38.9828416007203,-107.00975237922,2,2
"155-ER18",38.987252,-107.00373,"ess-dive-f782da867133296-20230504T211008637996","g1","04735c30-2280-47ac-b35e-0a21f6d225eb",38.9872525315967,-107.00373886504,2,2
"156-ER18",38.982871,-107.00959,"ess-dive-f782da867133296-20230504T211008637996","g1","c8821263-24d7-4af0-8de3-f12ffd741cbf",38.9828748429646,-107.009594135112,2,2
"157-ER18",38.982859,-107.00945,"ess-dive-f782da867133296-20230504T211008637996","g1","b63e548b-5e40-4f67-9839-a958f32ecccf",38.9828616387931,-107.009455913156,2,2
"158-ER18",38.982892,-107.00941,"ess-dive-f782da867133296-20230504T211008637996","g1","a9b616d9-1279-4f4f-a989-06317c1000f5",38.9828951437532,-107.009413790569,2,2
"159-ER18",NA,NA,"ess-dive-f782da867133296-20230504T211008637996","g2","c4d1ce87-d3ac-4908-bde1-e48501750fc4",NA,NA,1,1
"160-ER18",38.982966,-107.00926,"ess-dive-f782da867133296-20230504T211008637996","g1","9f1a75ca-a847-49e3-955e-be7dec7a3ab7",38.9829787254514,-107.009241192312,4,2
"161-ER18",38.982985,-107.00921,"ess-dive-f782da867133296-20230504T211008637996","g1","9f1a75ca-a847-49e3-955e-be7dec7a3ab7",38.9829787254514,-107.009241192312,4,2
"162-ER18",38.982996,-107.00913,"ess-dive-f782da867133296-20230504T211008637996","g1","749e5846-b19d-40bd-8cf0-ae104bf47e57",38.9829976473536,-107.009135101217,2,2
"163-ER18",38.983061,-107.00903,"ess-dive-f782da867133296-20230504T211008637996","g1","fbeb9e9b-174c-4303-bd57-5a934bb164d3",38.9830640780767,-107.00903236856,2,2
"164-ER18",38.93742,-107.0124,"ess-dive-f782da867133296-20230504T211008637996","g1","5a9c00c7-bdc3-4ac3-a960-8f378bb835a1",38.9374279852494,-107.012405044001,2,2
"165-ER18",38.937357,-107.01236,"ess-dive-f782da867133296-20230504T211008637996","g1","e7a3d10b-1502-4c64-abe8-c3e618558731",38.9373648882509,-107.012362461466,2,2
"166-ER18",38.937319,-107.01252,"ess-dive-f782da867133296-20230504T211008637996","g1","7b0da768-005f-411f-abd4-df9e154377ea",38.9373246171142,-107.012526447572,2,2
"167-ER18",38.937245,-107.01258,"ess-dive-f782da867133296-20230504T211008637996","g1","431dc992-7910-44d2-afb2-a5249a9dce7d",38.9372515126604,-107.012583628239,2,2
"168-ER18",38.93711,-107.0126,"ess-dive-f782da867133296-20230504T211008637996","g1","15fcb946-cca2-4d8c-b8cb-3b9649bed4ca",38.9371192152386,-107.012604861279,2,2
"169-ER18",38.937476,-107.01178,"ess-dive-f782da867133296-20230504T211008637996","g1","06b43a48-a8e4-45eb-bc51-75a3d9313dfc",38.9374846364145,-107.01178423969,2,2
"170-ER18",38.937422,-107.01173,"ess-dive-f782da867133296-20230504T211008637996","g1","eb28e46f-36fb-4bc1-bf1e-92432c5d892c",38.9374298162925,-107.011739694508,2,2
"171-ER18",38.93729,-107.01181,"ess-dive-f782da867133296-20230504T211008637996","g1","78ba217d-cb61-47dc-ad37-3ecbd9fea2f5",38.9372981593718,-107.011817265533,2,2
"172-ER18",38.937374,-107.01193,"ess-dive-f782da867133296-20230504T211008637996","g1","405a076e-b922-4c65-a169-d58377bcec6b",38.9373802224473,-107.011934028306,2,2
"173-ER18",38.93721,-107.01204,"ess-dive-f782da867133296-20230504T211008637996","g1","08ed0d16-6e8e-47a2-a365-8276e38f4760",38.9372169683345,-107.01204543034,2,2
"174-ER18",38.936374,-107.01191,"ess-dive-f782da867133296-20230504T211008637996","g1","49a924fe-945a-4a3c-8cd3-88618f14e748",38.9363809621553,-107.011916243135,2,2
"175-ER18",NA,NA,"ess-dive-f782da867133296-20230504T211008637996","g2","b201dd97-61d2-4715-b99c-06aad7f3d6f2",NA,NA,1,1
"176-ER18",38.936167,-107.01189,"ess-dive-f782da867133296-20230504T211008637996","g1","1b1a8303-3e8a-4054-81d4-1c1bd77b3914",38.9361749877975,-107.0118947748,2,2
"177-ER18",38.856311,-107.09725,"ess-dive-f782da867133296-20230504T211008637996","g1","a80a25a8-8e17-4565-85ce-fc51ab98b360",38.8563253595979,-107.097245938136,2,2
"178-ER18",38.857553,-107.09792,"ess-dive-f782da867133296-20230504T211008637996","g1","b17587f1-5953-464f-befc-551a48293667",38.8575556982846,-107.097910899015,2,2
"179-ER18",38.857521,-107.09817,"ess-dive-f782da867133296-20230504T211008637996","g1","960d3665-7ac1-4bc3-b15b-21f746051a1a",38.8575258235293,-107.09816118601,2,2
"180-ER18",38.934887,-107.0117,"ess-dive-f782da867133296-20230504T211008637996","g1","ef6b89f8-f3a0-4d13-ac79-59f55472357a",38.934887,-107.0117,1,1
"181-ER18",38.856687,-107.09871,"ess-dive-f782da867133296-20230504T211008637996","g1","5936f1a7-c3a4-4c25-b63f-b7726f54e10c",38.856687,-107.09871,1,1
"182-ER18",38.934645,-107.0121,"ess-dive-f782da867133296-20230504T211008637996","g1","38a406ec-0d7e-45a4-a9fd-e25c63d76f4a",38.9346522643603,-107.012109193031,2,2
"183-ER18",38.857012,-107.09169,"ess-dive-f782da867133296-20230504T211008637996","g1","5eed9c80-462c-44bb-bc31-c3b0b6a41ce3",38.857012,-107.09169,1,1
"184-ER18",38.857117,-107.09118,"ess-dive-f782da867133296-20230504T211008637996","g1","30bcdebe-3f5c-4d28-b314-b842f799bc43",38.8571263574352,-107.091183800619,2,2
"185-ER18",38.858074,-107.09113,"ess-dive-f782da867133296-20230504T211008637996","g1","11f37e2f-e9f7-43fe-9a32-ea0d70b2a1ca",38.8580874066794,-107.0911234039,2,2
"186-ER18",38.858369,-107.09214,"ess-dive-f782da867133296-20230504T211008637996","g1","4fd7ea22-7ab8-4935-8fb5-167c9b9bc340",38.8583767045267,-107.092160322102,2,2
"187-ER18",38.857959,-107.09264,"ess-dive-f782da867133296-20230504T211008637996","g1","06725059-abdb-45f6-b770-34237952ce5b",38.8579707211645,-107.092621970859,2,2
"188-ER18",38.856819,-107.09175,"ess-dive-f782da867133296-20230504T211008637996","g1","d91c3fb2-3e8b-4b14-808b-15166f7aaeb5",38.8568233378821,-107.091734741276,2,2
"189-ER18",38.858264,-107.0969,"ess-dive-f782da867133296-20230504T211008637996","g1","da88ba9b-4d42-4216-b511-45b163c4d0f6",38.8582688250297,-107.096908908786,2,2
"190-ER18",38.857983,-107.09675,"ess-dive-f782da867133296-20230504T211008637996","g1","bc6f282f-3043-48e1-9dea-7bb4cb9d64df",38.857988041179,-107.096755804568,2,2
"191-ER18",38.857126,-107.09682,"ess-dive-f782da867133296-20230504T211008637996","g1","582d35c5-06a9-4cab-aeff-c8d89dd22b46",38.8571301107956,-107.096823436748,2,2
"192-ER18",38.856731,-107.0971,"ess-dive-f782da867133296-20230504T211008637996","g1","7909b76e-d0c1-493a-a418-beca00cb20eb",38.8567428042996,-107.0970941386,2,2
"193-ER18",38.8573,-107.09639,"ess-dive-f782da867133296-20230504T211008637996","g1","6018635d-9bac-4670-b40e-efb351946d12",38.8573048686737,-107.096392819916,2,2
"194-ER18",38.857841,-107.09508,"ess-dive-f782da867133296-20230504T211008637996","g1","aadfc598-1945-47be-86a3-6e8f09b42644",38.8578476932784,-107.095085927786,2,2
"195-ER18",38.856785,-107.09274,"ess-dive-f782da867133296-20230504T211008637996","g1","d4623a4a-75b9-494e-88e8-32093d4ab790",38.8567908893702,-107.092744859997,2,2
"196-ER18",38.857021,-107.09232,"ess-dive-f782da867133296-20230504T211008637996","g1","63552b2e-7fdb-4cf3-ad1e-aefa6785071d",38.8570268922608,-107.092325501415,2,2
"197-ER18",38.856692,-107.09209,"ess-dive-f782da867133296-20230504T211008637996","g1","bebe2f22-6b33-4e51-bb05-3d691f2dcf91",38.8566963271627,-107.092095168287,2,2
"198-ER18",38.857258,-107.09268,"ess-dive-f782da867133296-20230504T211008637996","g1","70b70f6e-308d-4543-a00b-38502c359623",38.8572630465313,-107.09268508398,2,2
"199-ER18",38.857451,-107.09749,"ess-dive-f782da867133296-20230504T211008637996","g1","bae9a6e3-32ef-4dbc-93bd-d81004e45a21",38.8574582624132,-107.097494638334,2,2
"200-ER18",38.857508,-107.09735,"ess-dive-f782da867133296-20230504T211008637996","g1","7a0204cd-ba1e-4661-a75a-32848ab4d7f6",38.8575135990004,-107.097357713706,2,2
"201-ER18",38.857565,-107.09717,"ess-dive-f782da867133296-20230504T211008637996","g1","e4245712-22b8-42d6-b958-868081eb5c29",38.8575706510511,-107.097175510261,2,2
"202-ER18",38.857651,-107.09716,"ess-dive-f782da867133296-20230504T211008637996","g1","5175cf9c-4a77-4f33-95b3-64ca065fe6e5",38.8576565061784,-107.097162360358,2,2
"203-ER18",NA,NA,"ess-dive-f782da867133296-20230504T211008637996","g2","1bf8e8ac-ddc4-4de2-8434-fb772f0f0d30",NA,NA,1,1
"204-ER18",38.856574,-107.09238,"ess-dive-f782da867133296-20230504T211008637996","g1","805beef6-84d6-4cb5-b25c-4609d57bd5fb",38.8565802358455,-107.09238659571,2,2
"205-ER18",38.856762,-107.09219,"ess-dive-f782da867133296-20230504T211008637996","g1","e36ef271-74c0-4fee-b945-5dff205cd1ea",38.8567680065553,-107.092195028527,2,2
"206-ER18",38.856826,-107.09215,"ess-dive-f782da867133296-20230504T211008637996","g1","9cf8a9ae-bbac-4a02-bc0d-dd80a466d044",38.8568306171711,-107.092158790203,2,2
"207-ER18",38.856899,-107.0921,"ess-dive-f782da867133296-20230504T211008637996","g1","02b40e7b-39f8-4c37-9f64-a9bbbe75ee28",38.8569057278366,-107.092108561695,2,2
"208-ER18",38.857287,-107.09785,"ess-dive-f782da867133296-20230504T211008637996","g1","5711fe0e-c62e-4fa1-8839-0fe300b4c878",38.8572934520732,-107.09785549447,2,2
"209-ER18",NA,NA,"ess-dive-f782da867133296-20230504T211008637996","g2","9ba86b2e-39a7-43aa-9d13-6d3519bc5f43",NA,NA,1,1
"210-ER18",NA,NA,"ess-dive-f782da867133296-20230504T211008637996","g2","c298bb0a-32d5-4a81-89f8-442644d36704",NA,NA,1,1
"211-ER18",38.85705,-107.09195,"ess-dive-f782da867133296-20230504T211008637996","g1","7d47ceb8-4be3-4cfe-96b1-bc9aa18e1453",38.8570560010355,-107.091956303681,2,2
"212-ER18",38.857119,-107.0919,"ess-dive-f782da867133296-20230504T211008637996","g1","b8190c54-399d-4ed9-a35e-43b3a7da51a9",38.8571234827361,-107.0919034209,2,2
"213-ER18",38.857161,-107.09185,"ess-dive-f782da867133296-20230504T211008637996","g1","dce58624-73a8-4352-b70c-af36950e64ff",38.8571658439278,-107.091855411949,2,2
"214-ER18",38.857266,-107.09175,"ess-dive-f782da867133296-20230504T211008637996","g1","8e3e095d-7389-4b41-9252-e1389b977570",38.8572706857868,-107.091758079854,2,2
"215-ER18",38.85733,-107.0917,"ess-dive-f782da867133296-20230504T211008637996","g1","d86bf342-2fe2-46f0-ab8f-85ec5a7cb7bc",38.8573355420594,-107.091704651612,2,2
"216-ER18",38.857385,-107.09163,"ess-dive-f782da867133296-20230504T211008637996","g1","a4cbcabd-22b1-4531-b474-02025a182bb0",38.8573913291712,-107.091637252028,2,2
"217-ER18",38.857654,-107.0917,"ess-dive-f782da867133296-20230504T211008637996","g1","6b547b10-3d1d-48cb-a75f-08f4b0c55e12",38.8576610413352,-107.09170674087,2,2
"218-ER18",38.857769,-107.09158,"ess-dive-f782da867133296-20230504T211008637996","g1","333b2c6e-f736-420d-8e7a-920830499ed6",38.857774860682,-107.091588623441,2,2
"219-ER18",38.962247,-107.03002,"ess-dive-f782da867133296-20230504T211008637996","g1","e1db966d-093d-44be-aa53-9e4514973642",38.962253595447,-107.030020380389,2,2
"220-ER18",38.962189,-107.03009,"ess-dive-f782da867133296-20230504T211008637996","g1","c5c8c4e8-1751-4072-842c-dfa20304f286",38.9621944016617,-107.030089585051,2,2
"221-ER18",38.962125,-107.03015,"ess-dive-f782da867133296-20230504T211008637996","g1","ca10f98a-ecf2-4b17-b6bb-94e91eccc7fc",38.962130359271,-107.030153875368,2,2
"222-ER18",38.962079,-107.0302,"ess-dive-f782da867133296-20230504T211008637996","g1","ad0f3cb5-ffce-47e9-a5f8-9637e458c994",38.9620853299894,-107.030199544896,2,2
"223-ER18",38.961962,-107.03019,"ess-dive-f782da867133296-20230504T211008637996","g1","a6e6043f-25c2-454e-8160-ddaa68bfafa0",38.9619691627799,-107.030189470871,2,2
"224-ER18",38.961815,-107.0303,"ess-dive-f782da867133296-20230504T211008637996","g1","608ec5c4-5f18-4692-b6d6-ed0d0859b364",38.961821296219,-107.030300685993,2,2
"225-ER18",38.961778,-107.03037,"ess-dive-f782da867133296-20230504T211008637996","g1","328e113e-27f8-4af1-ab0e-5cd0c3b91c2a",38.9617849640184,-107.030368875717,2,2
"226-ER18",38.961795,-107.03044,"ess-dive-f782da867133296-20230504T211008637996","g1","8b71cfbd-d972-4008-ac05-e72f43c3da6c",38.961801215558,-107.030442544916,2,2
"227-ER18",38.961713,-107.0305,"ess-dive-f782da867133296-20230504T211008637996","g1","8e04b072-45bc-4570-a9e9-31bb1f1e1fcd",38.961717794411,-107.030500041116,2,2
"228-ER18",38.961576,-107.03059,"ess-dive-f782da867133296-20230504T211008637996","g1","1e396fce-85c2-4909-906e-46a9baaedfa4",38.9615821096478,-107.030589822035,2,2
"229-ER18",38.961823,-107.02964,"ess-dive-f782da867133296-20230504T211008637996","g1","9873ba6f-68ef-4e36-8d1d-c3c8a97d2167",38.9618288059378,-107.029642123971,2,2
"230-ER18",NA,NA,"ess-dive-f782da867133296-20230504T211008637996","g2","c0fc7aa6-ba4c-41f9-b9b4-ae693dac2e27",NA,NA,1,1
"231-ER18",NA,NA,"ess-dive-f782da867133296-20230504T211008637996","g2","c4752398-8b8f-47b2-b472-036bd55f1d7a",NA,NA,1,1
"232-ER18",38.961553,-107.02962,"ess-dive-f782da867133296-20230504T211008637996","g1","5e7ea318-a651-42b3-b366-9cf1ff0ca542",38.9615278391,-107.029618929474,6,2
"233-ER18",38.961518,-107.0296,"ess-dive-f782da867133296-20230504T211008637996","g1","5e7ea318-a651-42b3-b366-9cf1ff0ca542",38.9615278391,-107.029618929474,6,2
"234-ER18",38.961494,-107.02963,"ess-dive-f782da867133296-20230504T211008637996","g1","5e7ea318-a651-42b3-b366-9cf1ff0ca542",38.9615278391,-107.029618929474,6,2
"235-ER18",38.961441,-107.02981,"ess-dive-f782da867133296-20230504T211008637996","g1","4b5b10d1-9771-4e4a-8123-eb33dc7465bb",38.9614476253641,-107.029811124313,2,2
"236-ER18",38.960791,-107.02966,"ess-dive-f782da867133296-20230504T211008637996","g1","146e5f80-54d3-49c6-b207-f933d16e0d4a",38.9607967569897,-107.029661820594,2,2
"237-ER18",38.960682,-107.02968,"ess-dive-f782da867133296-20230504T211008637996","g1","3e2dc4e5-beba-4d07-8901-4f8b1da87752",38.9606876919771,-107.029680055358,2,2
"238-ER18",38.960587,-107.02971,"ess-dive-f782da867133296-20230504T211008637996","g1","2fb6ef2d-f533-4735-9363-5762867990e1",38.9605928966859,-107.029710110308,2,2
"239-ER18",38.962414,-107.02957,"ess-dive-f782da867133296-20230504T211008637996","g1","0c11f9f2-34bb-4852-a0dc-2f7f2b1a114c",38.9624200563468,-107.029571450801,2,2
"240-ER18",38.962537,-107.02979,"ess-dive-f782da867133296-20230504T211008637996","g1","95764f20-f134-489e-9b26-3a2475e41f02",38.962541867309,-107.029788332254,2,2
"241-ER18",38.961612,-107.02954,"ess-dive-f782da867133296-20230504T211008637996","g1","9e0cd424-643e-4965-9d36-7a79b1b3342e",38.9616179427098,-107.029542273036,2,2
"242-ER18",38.96149,-107.02935,"ess-dive-f782da867133296-20230504T211008637996","g1","776c4d1e-ba06-40dc-b137-00efe1c8cdfc",38.9614965208781,-107.029351930706,2,2
"243-ER18",38.961143,-107.03009,"ess-dive-f782da867133296-20230504T211008637996","g1","8171a856-a14d-4a81-8acd-0d17b2db0c28",38.96115346055,-107.030094106097,2,2
"244-ER18",38.960816,-107.02954,"ess-dive-f782da867133296-20230504T211008637996","g1","8e8d4e8d-c187-49d6-80c6-7763d970d6e2",38.9608207068868,-107.029539274474,2,2
"245-ER18",38.960684,-107.02959,"ess-dive-f782da867133296-20230504T211008637996","g1","c787a3ef-b566-4fb5-84c1-9ebb54a80032",38.960684,-107.02959,1,1
"246-ER18",38.960306,-107.02957,"ess-dive-f782da867133296-20230504T211008637996","g1","eb041dd5-489e-46e6-87b3-8614b2486f58",38.960306,-107.02957,1,1
"247-ER18",38.960089,-107.02961,"ess-dive-f782da867133296-20230504T211008637996","g1","41b3e479-7f22-4567-b0a2-47045a8bcd0b",38.9600891127507,-107.029609463607,2,2
"248-ER18",38.960647,-107.03197,"ess-dive-f782da867133296-20230504T211008637996","g1","dede8521-433d-4247-a801-b79e753ff017",38.9606493709884,-107.031969361532,2,2
"249-ER18",38.961513,-107.0286,"ess-dive-f782da867133296-20230504T211008637996","g1","0c0a75e3-87f2-4215-8f44-0150b1770a73",38.9615225560798,-107.02859191033,2,2
"250-ER18",38.961528,-107.02901,"ess-dive-f782da867133296-20230504T211008637996","g1","0d9346f2-d94c-4ab9-84fb-599abba1c611",38.9615425507143,-107.029013625496,2,2
"251-ER18",38.961855,-107.02864,"ess-dive-f782da867133296-20230504T211008637996","g1","e1235f11-694a-4a27-90aa-9aaac867b05b",38.9618590242836,-107.028630306478,2,2
"252-ER18",38.962088,-107.02884,"ess-dive-f782da867133296-20230504T211008637996","g1","a1a42632-a9b0-40bc-a308-8460115300e9",38.9620883696926,-107.028839550701,2,2
"253-ER18",38.962148,-107.02937,"ess-dive-f782da867133296-20230504T211008637996","g1","742f9aae-93c9-4108-b5ce-0bd0349a19fa",38.9621709455022,-107.029364077802,4,2
"254-ER18",38.962183,-107.02937,"ess-dive-f782da867133296-20230504T211008637996","g1","742f9aae-93c9-4108-b5ce-0bd0349a19fa",38.9621709455022,-107.029364077802,4,2
"255-ER18",38.963379,-107.02935,"ess-dive-f782da867133296-20230504T211008637996","g1","b4993c30-ab81-4404-b829-3ee05b8855d3",38.9633762673697,-107.029339809814,2,2
"256-ER18",38.963368,-107.02836,"ess-dive-f782da867133296-20230504T211008637996","g1","7acf2401-e9c0-42d2-a6eb-76a5704d4712",38.963368739901,-107.02836040649,2,2
"257-ER18",38.963425,-107.02731,"ess-dive-f782da867133296-20230504T211008637996","g1","40023bd4-7ae7-4205-9d60-442c44cbd15e",38.9634375383429,-107.027315752015,2,2
"258-ER18",38.962724,-107.02993,"ess-dive-f782da867133296-20230504T211008637996","g1","3e55413d-0f39-449d-8973-f3abcd537107",38.9627223876404,-107.029908583893,2,2
"259-ER18",38.979452,-107.0402,"ess-dive-f782da867133296-20230504T211008637996","g1","05fa302d-49ae-4595-83be-bfd5bba092ba",38.9794541008001,-107.040206724971,2,2
"260-ER18",38.979704,-107.04046,"ess-dive-f782da867133296-20230504T211008637996","g1","1130a443-ee36-4b91-a8eb-e88270500f5f",38.979707093952,-107.040465809462,2,2
"261-ER18",38.979984,-107.04043,"ess-dive-f782da867133296-20230504T211008637996","g1","82cd3a7f-ae5f-4aa6-a782-e3633b03777b",38.9799841542147,-107.040437054295,2,2
"262-ER18",38.980581,-107.04003,"ess-dive-f782da867133296-20230504T211008637996","g1","dec9255c-16c3-40c0-8a27-ce234b821470",38.980581,-107.04003,1,1
"263-ER18",38.980202,-107.04028,"ess-dive-f782da867133296-20230504T211008637996","g1","55beaa8e-822b-41c8-aa2d-80dd28264e13",38.980204125708,-107.040286732053,2,2
"264-ER18",38.980142,-107.04012,"ess-dive-f782da867133296-20230504T211008637996","g1","2b3e6912-8bdf-46f2-97cf-0cf442e9aad5",38.9801444348587,-107.040129593214,2,2
"266-ER18",38.980912,-107.04013,"ess-dive-f782da867133296-20230504T211008637996","g1","d2c5e936-a13c-42a9-b176-34c030d840d6",38.980913667979,-107.040137520637,2,2
"267-ER18",38.980898,-107.04022,"ess-dive-f782da867133296-20230504T211008637996","g1","1509581a-c4de-40f5-8622-284fb1f4b783",38.980898,-107.04022,1,1
"268-ER18",38.981207,-107.04031,"ess-dive-f782da867133296-20230504T211008637996","g1","3c80e802-a526-4bbb-8480-3430f35797c0",38.9812087727592,-107.040319214582,2,2
"269-ER18",38.979832,-107.03777,"ess-dive-f782da867133296-20230504T211008637996","g1","33390b3c-a3e1-416f-936a-6f603bb114a1",38.9798338374222,-107.037778880972,2,2
"270-ER18",38.979831,-107.0381,"ess-dive-f782da867133296-20230504T211008637996","g1","cb191c9f-b6c4-4cb5-9d08-f5efa93c7729",38.9798322198831,-107.038105829113,2,2
"271-ER18",38.979362,-107.03836,"ess-dive-f782da867133296-20230504T211008637996","g1","74fdec36-a1f2-4537-9028-c3d1eec5efff",38.9793639845169,-107.038365374163,2,2
"272-ER18",38.979392,-107.03822,"ess-dive-f782da867133296-20230504T211008637996","g1","bf204c7b-8963-4d87-aa16-7f49e8b39590",38.9793946251348,-107.038227888958,2,2
"273-ER18",38.97945,-107.03773,"ess-dive-f782da867133296-20230504T211008637996","g1","7e2bdfc8-f7d7-471b-a565-5fed30c85a18",38.9794341964963,-107.037743197816,4,2
"274-ER18",38.979414,-107.03774,"ess-dive-f782da867133296-20230504T211008637996","g1","7e2bdfc8-f7d7-471b-a565-5fed30c85a18",38.9794341964963,-107.037743197816,4,2
"275-ER18",38.979185,-107.03769,"ess-dive-f782da867133296-20230504T211008637996","g1","f547c126-a656-4b82-9467-7088053495f7",38.9791867816595,-107.037697615867,2,2
"276-ER18",38.979116,-107.03751,"ess-dive-f782da867133296-20230504T211008637996","g1","29a75ef1-97d7-4d22-b9dd-367b8ea4f35e",38.9791174585971,-107.037517276348,2,2
"277-ER18",38.978788,-107.03745,"ess-dive-f782da867133296-20230504T211008637996","g1","8e8bd1d0-532c-46b8-b486-369cffcbd135",38.9787893580616,-107.037455178808,2,2
"278-ER18",38.9786,-107.03767,"ess-dive-f782da867133296-20230504T211008637996","g1","102cca44-933a-41a0-aa38-3584efba5dd9",38.9786016855195,-107.037674164363,2,2
"279-ER18",38.978592,-107.03737,"ess-dive-f782da867133296-20230504T211008637996","g1","6e8241cc-69ad-43d0-b8a3-76a28180c7dc",38.9785932297748,-107.037376909855,2,2
"280-ER18",38.979251,-107.03751,"ess-dive-f782da867133296-20230504T211008637996","g1","c4c98423-4e45-43e3-833f-7c239aa007ed",38.9792515412074,-107.037514850757,2,2
"281-ER18",38.979314,-107.03778,"ess-dive-f782da867133296-20230504T211008637996","g1","c332a0ba-a17d-462e-9577-faadb12381ad",38.9793140895343,-107.037791220109,2,2
"282-ER18",38.97966,-107.03785,"ess-dive-f782da867133296-20230504T211008637996","g1","50f765a7-a6a1-46e4-ae19-d7ee248486ea",38.9796622319889,-107.037855478197,2,2
"283-ER18",38.98052,-107.0399,"ess-dive-f782da867133296-20230504T211008637996","g1","5f659bc3-0166-447d-a25b-261faca42289",38.9805220123967,-107.039906574173,2,2
"284-ER18",38.981278,-107.03988,"ess-dive-f782da867133296-20230504T211008637996","g1","403f58d1-915d-4aaa-b797-3f6607bfc19b",38.981278,-107.03988,1,1
"285-ER18",38.980509,-107.03847,"ess-dive-f782da867133296-20230504T211008637996","g1","87137738-86bb-470b-be5a-5a3a0530c020",38.9805093364121,-107.038473342029,2,2
"286-ER18",38.980663,-107.03893,"ess-dive-f782da867133296-20230504T211008637996","g1","ee7707e1-4b04-4ff7-86d6-579ee4362f05",38.9806708616188,-107.038931485782,3,2
"287-ER18",38.980686,-107.03893,"ess-dive-f782da867133296-20230504T211008637996","g1","ee7707e1-4b04-4ff7-86d6-579ee4362f05",38.9806708616188,-107.038931485782,3,2
"288-ER18",38.979679,-107.03857,"ess-dive-f782da867133296-20230504T211008637996","g1","6350b83e-a226-426a-898c-fec983175223",38.979679623087,-107.038576014952,2,2
"289-ER18",38.979871,-107.03665,"ess-dive-f782da867133296-20230504T211008637996","g1","194058b2-098b-4cb1-a7e8-8834902863a0",38.9798644535414,-107.036652055275,2,2
"290-ER18",38.978912,-107.03585,"ess-dive-f782da867133296-20230504T211008637996","g1","9222f7b7-d852-4a6c-8fb3-4b55d45cccdc",38.9789057873251,-107.035844551728,2,2
"291-ER18",38.980041,-107.03632,"ess-dive-f782da867133296-20230504T211008637996","g1","f61e179c-9490-4e4f-af09-fbd916ba39e4",38.980041,-107.03632,1,1
"292-ER18",38.978067,-107.03926,"ess-dive-f782da867133296-20230504T211008637996","g1","5aea24d0-a834-4cc1-b0ae-3479b3db44cc",38.9780655997309,-107.039255483694,2,2
"293-ER18",38.978463,-107.03573,"ess-dive-f782da867133296-20230504T211008637996","g1","e3a854ac-3b14-491a-af15-7918cc78d967",38.978463,-107.03573,1,1
"294-ER18",38.978888,-107.03575,"ess-dive-f782da867133296-20230504T211008637996","g1","d6505621-b7db-47fc-ada2-81b9354ac4b4",38.9788830119699,-107.035753719672,2,2
"295-ER18",38.979906,-107.03639,"ess-dive-f782da867133296-20230504T211008637996","g1","aba3deef-79da-4023-8a0f-1cf2aea3423f",38.979906,-107.03639,1,1
"296-ER18",38.978468,-107.0396,"ess-dive-f782da867133296-20230504T211008637996","g1","0e5242b4-27c8-4242-94c2-1392e31d3899",38.9784637282387,-107.039596115566,2,2
"297-ER18",38.977129,-107.03963,"ess-dive-f782da867133296-20230504T211008637996","g1","aa94a532-e5c0-4a63-ad09-1aed58be82f3",38.9771325737073,-107.039631235296,2,2
"298-ER18",38.97827,-107.04031,"ess-dive-f782da867133296-20230504T211008637996","g1","b49f1e93-4165-495e-a658-f7bdaba04e4e",38.9782683272726,-107.040300998868,2,2
"299-ER18",38.907007,-107.0274,"ess-dive-f782da867133296-20230504T211008637996","g1","38df0f58-6fa3-46c6-9ff9-408dfaa875fb",38.9070001105149,-107.027405100883,2,2
"300-ER18",38.907654,-107.02809,"ess-dive-f782da867133296-20230504T211008637996","g1","95282253-b15f-43af-ae7c-36b96ab25670",38.9076479469215,-107.028091749314,2,2
"301-ER18",38.908321,-107.02865,"ess-dive-f782da867133296-20230504T211008637996","g1","929dcdc4-e546-4532-927b-9573b1e45ed7",38.9083200622992,-107.028648620093,2,2
"302-ER18",38.90806,-107.02874,"ess-dive-f782da867133296-20230504T211008637996","g1","164e4a2f-f9b0-4bda-8bcc-5f9a4ac8f193",38.9080488405505,-107.028736583018,2,2
"303-ER18",38.908083,-107.02892,"ess-dive-f782da867133296-20230504T211008637996","g1","c4b32f61-d18e-4866-bf0d-2de3736a8a0c",38.9080745741711,-107.028917439493,2,2
"306-ER18",38.90706,-107.02926,"ess-dive-f782da867133296-20230504T211008637996","g1","024b2fc7-4e07-4ea4-bc5f-5971f16ab2a4",38.9070613322223,-107.029271625882,2,2
"307-ER18",38.906297,-107.02886,"ess-dive-f782da867133296-20230504T211008637996","g1","bb0df475-7f8b-4ea1-b08d-0e0be7627cee",38.9062841606657,-107.02886601881,2,2
"308-ER18",38.90657,-107.02896,"ess-dive-f782da867133296-20230504T211008637996","g1","f5d1e381-98fa-4a6f-b13a-e5488f195b92",38.906569663389,-107.028961660657,2,2
"309-ER18",38.90939,-107.02818,"ess-dive-f782da867133296-20230504T211008637996","g1","507a59dc-fb4d-4384-87f6-c9c490f3e9f5",38.9093903049804,-107.028188653512,2,2
"310-ER18",38.909482,-107.02831,"ess-dive-f782da867133296-20230504T211008637996","g1","b3c374e5-094b-44ee-a784-6f8b292dbc0d",38.9094766291216,-107.028333614875,4,2
"311-ER18",38.909473,-107.02835,"ess-dive-f782da867133296-20230504T211008637996","g1","b3c374e5-094b-44ee-a784-6f8b292dbc0d",38.9094766291216,-107.028333614875,4,2
"312-ER18",38.909423,-107.02866,"ess-dive-f782da867133296-20230504T211008637996","g1","0d96e4b4-eb68-4cc8-8f37-2093949570ee",38.909421677485,-107.028666801923,2,2
"313-ER18",38.90973,-107.02862,"ess-dive-f782da867133296-20230504T211008637996","g1","30d3adda-8b38-4f2b-82aa-e6ba6ea12f6b",38.909728899503,-107.02862569871,2,2
"314-ER18",38.909654,-107.0286,"ess-dive-f782da867133296-20230504T211008637996","g1","338f8645-047e-4c71-b27a-43ddc03b90d0",38.9096537249445,-107.028603148279,2,2
"315-ER18",38.909576,-107.02843,"ess-dive-f782da867133296-20230504T211008637996","g1","0b394119-b45f-4c7a-80ea-e8f55c176944",38.9095750834195,-107.028434990706,2,2
"316-ER18",38.909457,-107.02849,"ess-dive-f782da867133296-20230504T211008637996","g1","f234af36-7dac-43f1-b681-55d1d724b069",38.9094571496879,-107.028493616343,2,2
"317-ER18",38.909415,-107.02858,"ess-dive-f782da867133296-20230504T211008637996","g1","7303b72c-d111-46cc-a78a-64bf24445582",38.9094139150449,-107.028586666485,2,2
"318-ER18",38.909569,-107.02831,"ess-dive-f782da867133296-20230504T211008637996","g1","c89d2e08-77c9-455a-a836-83ace652975e",38.9095683436846,-107.028315144184,2,2
"319-ER18",38.952952,-107.06696,"ess-dive-f782da867133296-20230504T211008637996","g1","584cd4d3-ab15-490b-af43-7e3fa50b657a",38.9529489192947,-107.066974963142,2,2
"320-ER18",38.952891,-107.06696,"ess-dive-f782da867133296-20230504T211008637996","g1","5c83350f-4a8d-4d79-8041-6c3c1184504c",38.9528890665232,-107.06698143758,2,2
"321-ER18",38.95335,-107.06674,"ess-dive-f782da867133296-20230504T211008637996","g1","e84a806f-1633-472c-9cd8-64e5b47fa338",38.953351733214,-107.066742707481,2,2
"322-ER18",38.953516,-107.06691,"ess-dive-f782da867133296-20230504T211008637996","g1","581c0564-7133-4908-9eae-241c23821e4a",38.9535056101554,-107.066913501835,2,2
"323-ER18",38.953568,-107.06711,"ess-dive-f782da867133296-20230504T211008637996","g1","b1069d24-3804-42ad-a29c-640a97b64744",38.9535582156944,-107.067106145182,2,2
"324-ER18",38.957479,-106.98549,"ess-dive-f782da867133296-20230504T211008637996","g1","b3f8b792-d8a0-4770-9406-0c01e41c8bc0",38.957466809684,-106.985481877227,2,2
"325-ER18",38.957997,-106.9861,"ess-dive-f782da867133296-20230504T211008637996","g1","89c9df32-4907-4a73-abd4-64d1b474df02",38.9579928125134,-106.986100976104,2,2
"326-ER18",38.95805,-106.98464,"ess-dive-f782da867133296-20230504T211008637996","g1","f3cbd296-e9fa-4485-b3ac-a94f6bd0f356",38.9580437663349,-106.984641639772,2,2
"327-ER18",38.958101,-106.98438,"ess-dive-f782da867133296-20230504T211008637996","g1","7d62454f-1652-4ab1-ba43-0d722ee5ab00",38.9581013322566,-106.984370307691,2,2
"328-ER18",38.953243,-107.06741,"ess-dive-f782da867133296-20230504T211008637996","g1","4ffe3987-0650-4f91-85c6-a140510b402f",38.9532271668499,-107.067399272595,2,2
"329-ER18",38.953296,-107.06733,"ess-dive-f782da867133296-20230504T211008637996","g1","43823199-61a0-42d6-a078-d63102bed6ce",38.9532816864056,-107.067328884804,2,2
"330-ER18",38.953702,-107.06791,"ess-dive-f782da867133296-20230504T211008637996","g1","9d08ccf5-7d5e-432c-b292-001277f3de7a",38.9537001160293,-107.067896187787,2,2
"331-ER18",38.953876,-107.06753,"ess-dive-f782da867133296-20230504T211008637996","g1","85ca48bf-95bf-4b4c-9733-3296ad53d34b",38.953876,-107.06753,1,1
"332-ER18",38.953579,-107.06807,"ess-dive-f782da867133296-20230504T211008637996","g1","3910cd35-ad12-46ae-b463-42a0599782cc",38.9535827407211,-107.068070910895,2,2
"333-ER18",38.975674,-107.06487,"ess-dive-f782da867133296-20230504T211008637996","g1","d05f2041-2a03-4622-831d-5575fb773399",38.9756786714871,-107.06485734036,2,2
"334-ER18",38.952801,-107.06722,"ess-dive-f782da867133296-20230504T211008637996","g1","16a382a9-1967-417f-9705-e41eeeaf5c16",38.9528038368363,-107.067225810468,2,2
"335-ER18",38.952763,-107.06711,"ess-dive-f782da867133296-20230504T211008637996","g1","cae31516-7e25-4e97-aa27-6116beadda5d",38.9527647441037,-107.067117417454,2,2
"336-ER18",38.9528,-107.06705,"ess-dive-f782da867133296-20230504T211008637996","g1","09fb3af6-bc68-4ca0-940c-34c1feced756",38.9528018359601,-107.067055163364,2,2
"337-ER18",38.952661,-107.06678,"ess-dive-f782da867133296-20230504T211008637996","g1","8bb818c1-81e7-4fc6-8afc-85214c6bcbb8",38.9526632981513,-107.066786506777,2,2
"338-ER18",38.952748,-107.06667,"ess-dive-f782da867133296-20230504T211008637996","g1","10341bc4-b8f4-40c3-b79c-44908d5a3b7a",38.9527505514686,-107.066675059075,2,2
"339-ER18",NA,NA,"ess-dive-f782da867133296-20230504T211008637996","g2","96fef74b-b150-4b04-af0a-1e39700dc8f9",NA,NA,1,1
"340-ER18",38.952785,-107.06636,"ess-dive-f782da867133296-20230504T211008637996","g1","50456938-8aa2-4d47-a111-0be64ce7e51e",38.9527860436644,-107.066367006555,2,2
"341-ER18",38.952902,-107.06637,"ess-dive-f782da867133296-20230504T211008637996","g1","2cc5f93f-c142-47ea-af7f-344c7e4c066c",38.95290438589,-107.066373727671,2,2
"342-ER18",38.953093,-107.06627,"ess-dive-f782da867133296-20230504T211008637996","g1","b1599ce2-e21e-4987-90ea-2e9790bd5524",38.9530950003688,-107.066274725752,2,2
"343-ER18",38.953073,-107.06613,"ess-dive-f782da867133296-20230504T211008637996","g1","b8e435dc-3f4c-4cca-bc8f-349b925aa3bc",38.9530755480156,-107.066135573468,2,2
"344-ER18",38.952732,-107.06632,"ess-dive-f782da867133296-20230504T211008637996","g1","e87e7ef2-da95-49f4-a3b8-b7930210a343",38.9527338181215,-107.066324196314,2,2
"345-ER18",38.952445,-107.06618,"ess-dive-f782da867133296-20230504T211008637996","g1","ef74a613-1c0d-4244-9c42-7d0a42f02a09",38.9524468480375,-107.06619217718,2,2
"346-ER18",38.952428,-107.0667,"ess-dive-f782da867133296-20230504T211008637996","g1","92bd307b-f46f-41c6-9bed-d7ff53a386ca",38.9524300208275,-107.066708657891,2,2
"347-ER18",38.952701,-107.06704,"ess-dive-f782da867133296-20230504T211008637996","g1","62de070e-e74d-418b-aebe-4686ca2e9b45",38.9527045771972,-107.067042803988,2,2
"348-ER18",38.953783,-107.06774,"ess-dive-f782da867133296-20230504T211008637996","g1","fca8510b-38b9-47bf-aab4-39211487d5a0",38.9537858251036,-107.067746347026,2,2
"349-ER18",38.953783,-107.06753,"ess-dive-f782da867133296-20230504T211008637996","g1","ca68d94b-6d91-4d81-a425-7332bffeca92",38.9537850245728,-107.067536540691,2,2
"350-ER18",NA,NA,"ess-dive-f782da867133296-20230504T211008637996","g2","ecb67da0-4790-47fd-a3f3-9292dadb370f",NA,NA,1,1
"351-ER18",38.989335,-107.06403,"ess-dive-f782da867133296-20230504T211008637996","g1","7749056e-733f-4788-82af-e9a3620e632c",38.989321491505,-107.064036902854,2,2
"352-ER18",38.98921,-107.06428,"ess-dive-f782da867133296-20230504T211008637996","g1","a948bf4d-edb7-4afe-8800-256d1675bf39",38.9892167079907,-107.064270283626,2,2
"353-ER18",38.989272,-107.06434,"ess-dive-f782da867133296-20230504T211008637996","g1","48864e07-33ee-48db-9435-72ed0916db31",38.989272,-107.06434,1,1
"354-ER18",38.953949,-107.06911,"ess-dive-f782da867133296-20230504T211008637996","g1","b828b494-0d71-462b-ba06-12a731440858",38.9539494721306,-107.06911708211,2,2
"355-ER18",38.953869,-107.06925,"ess-dive-f782da867133296-20230504T211008637996","g1","982acc99-5ebd-4aa2-be01-24a79803f875",38.9538724226015,-107.069256659854,2,2
"356-ER18",38.953725,-107.06977,"ess-dive-f782da867133296-20230504T211008637996","g1","eed4eb93-648a-4613-80c7-291bb854c5ed",38.9537259451433,-107.069773632066,2,2
"357-ER18",38.953478,-107.06974,"ess-dive-f782da867133296-20230504T211008637996","g1","11ba09d0-b989-4b1b-8cea-ba44bd581cb7",38.9534812259815,-107.069745209793,2,2
"358-ER18",38.953445,-107.06927,"ess-dive-f782da867133296-20230504T211008637996","g1","8e83e955-e9ea-4080-ac08-6275d74ef760",38.9534456836371,-107.069275760027,2,2
"359-ER18",38.95326,-107.06983,"ess-dive-f782da867133296-20230504T211008637996","g1","24df4d6b-38ed-4e51-a2d1-732056f3d0b7",38.953263236211,-107.069836570676,2,2
"360-ER18",38.953212,-107.06871,"ess-dive-f782da867133296-20230504T211008637996","g1","289b30fe-fd94-4217-a5b7-9227a9d172fe",38.9532141024381,-107.068717518247,2,2
"361-ER18",38.953502,-107.06758,"ess-dive-f782da867133296-20230504T211008637996","g1","c6b80a53-bb52-4d08-af78-4fa473d294d2",38.9535041993825,-107.067586483161,2,2
"362-ER18",38.953618,-107.0677,"ess-dive-f782da867133296-20230504T211008637996","g1","1bf5c02d-660f-40a8-ac00-ee8fc439d070",38.9536199661502,-107.067704301132,2,2
"363-ER18",38.953153,-107.06715,"ess-dive-f782da867133296-20230504T211008637996","g1","e5320f51-ac23-41d5-8aa1-3203f1d12433",38.9531552388642,-107.067154159072,2,2
"364-ER18",38.991428,-107.06541,"ess-dive-f782da867133296-20230504T211008637996","g1","0052100a-d48f-41c2-9e3c-fbb350ab6f0c",38.9914332007996,-107.065417383893,2,2
"365-ER18",38.991519,-107.06522,"ess-dive-f782da867133296-20230504T211008637996","g1","e5f97a28-bcfd-4aed-aed2-4040d3dbfc87",38.9915224819988,-107.065231252602,2,2
"366-ER18",38.991636,-107.0649,"ess-dive-f782da867133296-20230504T211008637996","g1","62a18d8a-27b7-497c-9361-0c8ee7cf1030",38.9916404102829,-107.06491059288,2,2
"367-ER18",38.991665,-107.06479,"ess-dive-f782da867133296-20230504T211008637996","g1","3859a13f-3cb2-43fd-9f2b-3eca7a454bd9",38.9916699465772,-107.06479512163,2,2
"368-ER18",38.991559,-107.06468,"ess-dive-f782da867133296-20230504T211008637996","g1","0e95103d-e9de-4d82-a74c-d9c0772ccd7b",38.991559,-107.06468,1,1
"369-ER18",38.991361,-107.06465,"ess-dive-f782da867133296-20230504T211008637996","g1","73228d9b-61cc-4968-a2ae-6f8fdaa4acbd",38.991365938456,-107.064656810438,2,2
"370-ER18",38.991227,-107.06455,"ess-dive-f782da867133296-20230504T211008637996","g1","e17c641c-6560-4822-bc27-5d50cff18fcd",38.9912299036238,-107.064561970282,2,2
"371-ER18",38.991121,-107.06448,"ess-dive-f782da867133296-20230504T211008637996","g1","a3a22d82-5b60-409c-9ef9-fabd3fb2fc46",38.99112404351,-107.064489677743,2,2
"372-ER18",38.991034,-107.06427,"ess-dive-f782da867133296-20230504T211008637996","g1","16d74d60-73cd-46fe-97d9-04bc5197dfd6",38.991034,-107.06427,1,1
"373-ER18",38.990856,-107.06413,"ess-dive-f782da867133296-20230504T211008637996","g1","dea0d66d-f7b0-47a9-b8c4-3534a8adfd17",38.990856,-107.06413,1,1
"374-ER18",38.990756,-107.06267,"ess-dive-f782da867133296-20230504T211008637996","g1","466eab9b-18c9-42b5-8f9f-30351da0facd",38.9907591125212,-107.06267683397,2,2
"375-ER18",38.990709,-107.06228,"ess-dive-f782da867133296-20230504T211008637996","g1","349aeda6-fac5-4681-85cb-ad13bd6f6f58",38.990712747422,-107.062287046324,2,2
"376-ER18",38.990558,-107.06166,"ess-dive-f782da867133296-20230504T211008637996","g1","ce8c58c7-dbcd-47cd-b8e7-672b039c7b99",38.9905621456147,-107.06166628797,2,2
"377-ER18",38.991022,-107.06088,"ess-dive-f782da867133296-20230504T211008637996","g1","6f1812d5-96c2-4571-be3c-90ad9d51952f",38.9910250716322,-107.060889049189,2,2
"378-ER18",38.990831,-107.06046,"ess-dive-f782da867133296-20230504T211008637996","g1","dfbfae84-3264-4dc7-b540-b7d3e567f859",38.9908334062077,-107.060468950284,2,2
"379-ER18",38.990865,-107.06005,"ess-dive-f782da867133296-20230504T211008637996","g1","56dcb982-9883-4c9d-aaa1-3617c246c79b",38.990865,-107.06005,1,1
"380-ER18",NA,NA,"ess-dive-f782da867133296-20230504T211008637996","g2","5d259170-166e-40c2-bc25-d5129876fccf",NA,NA,1,1
"381-ER18",38.990445,-107.05987,"ess-dive-f782da867133296-20230504T211008637996","g1","04082450-7544-49bf-8ad1-2d917e5478b5",38.990445,-107.05987,1,1
"382-ER18",38.990447,-107.05975,"ess-dive-f782da867133296-20230504T211008637996","g1","f7a6fbe8-a86f-4137-9645-19e0662aa97d",38.9904493627161,-107.059758983746,2,2
"383-ER18",38.990356,-107.05959,"ess-dive-f782da867133296-20230504T211008637996","g1","a9abca71-32cb-4af8-b896-82c01ac0c991",38.990359012423,-107.059598753767,2,2
"384-ER18",38.992046,-107.06461,"ess-dive-f782da867133296-20230504T211008637996","g1","d32d6a2b-cde0-47e3-b0a1-6bf1e6469642",38.9920506646887,-107.064617801493,2,2
"385-ER18",38.992055,-107.06442,"ess-dive-f782da867133296-20230504T211008637996","g1","3c4bdbdb-2173-4954-a98c-c54ea035b417",38.99205920305,-107.064427003991,2,2
"386-ER18",38.992416,-107.06408,"ess-dive-f782da867133296-20230504T211008637996","g1","77e37e40-1628-435d-a0eb-4087b59b67ff",38.992416012083,-107.064082466588,2,2
"387-ER18",38.992294,-107.0636,"ess-dive-f782da867133296-20230504T211008637996","g1","dbff8e26-79ac-4bd3-a61b-5dbb782a85f4",38.9922974547772,-107.06360725507,2,2
"388-ER18",38.991552,-107.06302,"ess-dive-f782da867133296-20230504T211008637996","g1","1f136ae9-dd2f-4989-8e5d-84b0dd685e34",38.9915511570648,-107.063020739546,2,2
"389-ER18",38.991518,-107.06242,"ess-dive-f782da867133296-20230504T211008637996","g1","0d313c65-d6ba-4d72-a353-6f6950563f47",38.991518,-107.06242,1,1
"390-ER18",38.990631,-107.06234,"ess-dive-f782da867133296-20230504T211008637996","g1","92db6d38-8eba-4c27-88c4-70b9ff0aa610",38.9906347289632,-107.062347876838,2,2
"391-ER18",38.990639,-107.06139,"ess-dive-f782da867133296-20230504T211008637996","g1","7cb9af4f-811a-4687-909c-a0f285b98816",38.9906421055756,-107.061399003604,2,2
"392-ER18",38.990704,-107.05997,"ess-dive-f782da867133296-20230504T211008637996","g1","e0b5074e-1fd7-4677-936d-fa8c798865d3",38.990704,-107.05997,1,1
"393-ER18",38.990715,-107.05914,"ess-dive-f782da867133296-20230504T211008637996","g1","89a34053-4c0f-4fcb-a967-cb78eb045617",38.990715,-107.05914,1,1
"395-ER18",38.988792,-107.06424,"ess-dive-f782da867133296-20230504T211008637996","g1","3411de0e-f2ea-4692-b869-49d3215217ad",38.9888024310198,-107.064244110897,2,2
"396-ER18",38.9893,-107.06388,"ess-dive-f782da867133296-20230504T211008637996","g1","7a7244db-7ea3-46db-b5f1-e6d07e0845e5",38.9892906485685,-107.063878338318,2,2
"397-ER18",38.989602,-107.06344,"ess-dive-f782da867133296-20230504T211008637996","g1","d817d256-223c-41a5-b4a9-819795ea016e",38.9896154072068,-107.06344711642,2,2
"398-ER18",38.98909,-107.06312,"ess-dive-f782da867133296-20230504T211008637996","g1","30cacb03-3794-4de7-ac1e-22f6b879c8d5",38.9890945810953,-107.063125146922,2,2
"399-ER18",38.989172,-107.06325,"ess-dive-f782da867133296-20230504T211008637996","g1","d32ff819-677e-4314-a567-38d93c7c01b0",38.9891827073762,-107.063253634049,2,2
"400-ER18",38.97594,-107.06382,"ess-dive-f782da867133296-20230504T211008637996","g1","e147c0ed-7d98-4191-b766-339324dedea7",38.975943764889,-107.063812779987,2,2
"401-ER18",38.975831,-107.06378,"ess-dive-f782da867133296-20230504T211008637996","g1","1fffeae2-a050-4c8e-abd3-29541b511803",38.9758262267443,-107.063775637787,2,2
"402-ER18",38.975857,-107.06352,"ess-dive-f782da867133296-20230504T211008637996","g1","f5162a05-1cf1-4dec-b16d-28db8a79260f",38.9758627396718,-107.063528703712,2,2
"403-ER18",38.975994,-107.06331,"ess-dive-f782da867133296-20230504T211008637996","g1","02f58487-4ccd-4978-8cd1-17479cdc0c6a",38.975993625855,-107.063307072685,2,2
"404-ER18",38.975692,-107.06568,"ess-dive-f782da867133296-20230504T211008637996","g1","de11b47c-d9ae-4b12-8d24-9a7ccdef4897",38.9756964618986,-107.0656920441,2,2
"405-ER18",38.97556,-107.06552,"ess-dive-f782da867133296-20230504T211008637996","g1","85a67e32-7708-47c2-b215-3ebf3d7ec5ee",38.97556,-107.06552,1,1
"406-ER18",38.975531,-107.06564,"ess-dive-f782da867133296-20230504T211008637996","g1","2e73f910-5345-436c-90f8-e0c3204b085e",38.9755359535636,-107.065654130039,2,2
"407-ER18",38.975221,-107.06558,"ess-dive-f782da867133296-20230504T211008637996","g1","4b67f5e7-83c4-46b1-9615-72b72222d60d",38.9752251828229,-107.065590214723,2,2
"408-ER18",38.975071,-107.06562,"ess-dive-f782da867133296-20230504T211008637996","g1","f3d2cde8-eccd-4b14-9a2c-578490d58256",38.9750753476412,-107.065630894602,2,2
"409-ER18",38.974974,-107.06551,"ess-dive-f782da867133296-20230504T211008637996","g1","b21f738a-461b-414a-85ec-077b721be2e5",38.9749794434348,-107.065523076422,2,2
"410-ER18",38.974878,-107.06558,"ess-dive-f782da867133296-20230504T211008637996","g1","2a03f1ee-35db-46b9-a476-afc1644fb786",38.9748825808541,-107.065590159337,2,2
"411-ER18",38.974729,-107.06562,"ess-dive-f782da867133296-20230504T211008637996","g1","d8e9b13d-e1a8-42b6-a53c-bfd082ea42fe",38.9747322141418,-107.06562803312,2,2
"412-ER18",38.97452,-107.0652,"ess-dive-f782da867133296-20230504T211008637996","g1","8dc4acc1-c55d-41eb-b7af-fb56f9169096",38.9745206768439,-107.065198011527,2,2
"413-ER18",38.974396,-107.0653,"ess-dive-f782da867133296-20230504T211008637996","g1","54105aba-fe15-48b7-ab02-12f0fc9fc3c7",38.974400746117,-107.065312381414,2,2
"414-ER18",38.975789,-107.06555,"ess-dive-f782da867133296-20230504T211008637996","g1","4e9e2224-3acf-4339-a2b4-77330675c55c",38.9757750019732,-107.065531831402,4,2
"415-ER18",38.975698,-107.06535,"ess-dive-f782da867133296-20230504T211008637996","g1","ff469068-1630-4422-89ca-23488ae55198",38.9757011090495,-107.065360244915,2,2
"416-ER18",38.975754,-107.065,"ess-dive-f782da867133296-20230504T211008637996","g1","1ecac8ff-5de3-4de4-85c2-4ff1289594d0",38.9757584480607,-107.065009052125,2,2
"417-ER18",38.97593,-107.0647,"ess-dive-f782da867133296-20230504T211008637996","g1","66c9b94f-121e-41f9-9a62-6633f194b779",38.9759337998167,-107.064708998056,2,2
"418-ER18",38.97694,-107.06644,"ess-dive-f782da867133296-20230504T211008637996","g1","c70acf17-512b-4bfd-80ac-e477b259a035",38.9769461616576,-107.06645162219,2,2
"419-ER18",38.977012,-107.06641,"ess-dive-f782da867133296-20230504T211008637996","g1","690285f2-778d-44de-97e9-2d6c944cb55c",38.9770165079749,-107.066420369657,2,2
"420-ER18",38.976832,-107.06668,"ess-dive-f782da867133296-20230504T211008637996","g1","f3ec6dfe-2206-4639-b29b-51d4edc14d29",38.9768371759932,-107.066687387854,2,2
"421-ER18",38.976971,-107.06676,"ess-dive-f782da867133296-20230504T211008637996","g1","34cac504-2b91-4c55-9bf5-23224c074e04",38.9769769269222,-107.066772209536,2,2
"422-ER18",38.97591,-107.06559,"ess-dive-f782da867133296-20230504T211008637996","g1","9cd777b4-b981-4bc2-922f-eae1f489047c",38.9759149205798,-107.065602085604,2,2
"423-ER18",38.975828,-107.06535,"ess-dive-f782da867133296-20230504T211008637996","g1","197a1e2c-aa70-4f19-93d4-f6aa8b61de62",38.9758328093568,-107.065363914658,2,2
"424-ER18",38.974811,-107.06658,"ess-dive-f782da867133296-20230504T211008637996","g1","94917380-ceac-45cf-a568-f23cf3c2560f",38.974811,-107.06658,1,1
"425-ER18",38.974758,-107.06672,"ess-dive-f782da867133296-20230504T211008637996","g1","5731d515-c106-477b-baaf-f5ae144cce64",38.974758,-107.06672,1,1
"426-ER18",38.975046,-107.06677,"ess-dive-f782da867133296-20230504T211008637996","g1","c3808d13-4a56-4726-aadd-9082641fbc45",38.975046,-107.06677,1,1
"427-ER18",38.97565,-107.06602,"ess-dive-f782da867133296-20230504T211008637996","g1","5e58af8d-73b5-4de9-a6b5-47074c8ed5c8",38.9756542728702,-107.066030785777,2,2
"428-ER18",38.975754,-107.06549,"ess-dive-f782da867133296-20230504T211008637996","g1","4e9e2224-3acf-4339-a2b4-77330675c55c",38.9757750019732,-107.065531831402,4,2
"429-ER18",38.975779,-107.06511,"ess-dive-f782da867133296-20230504T211008637996","g1","721baa76-57f9-42e4-ad83-dd2b0b205d6e",38.9757828851928,-107.065120110902,2,2
"430-ER18",38.975525,-107.06518,"ess-dive-f782da867133296-20230504T211008637996","g1","e47c1e93-772d-4c76-9156-513a3e41d8aa",38.9755247934862,-107.065180211022,2,2
"432-ER18",38.976189,-107.06731,"ess-dive-f782da867133296-20230504T211008637996","g1","d073ff63-4c51-488d-9913-6acaf3488677",38.976189,-107.06731,1,1
"433-ER18",38.976758,-107.06686,"ess-dive-f782da867133296-20230504T211008637996","g1","015944d2-9881-4a61-b5fb-034519cd591e",38.9767625060872,-107.066869341242,2,2
"434-ER18",38.976855,-107.06353,"ess-dive-f782da867133296-20230504T211008637996","g1","5e993bab-fa71-4e22-9cb0-90a7bf2054ed",38.976855,-107.06353,1,1
"435-ER18",38.976918,-107.06337,"ess-dive-f782da867133296-20230504T211008637996","g1","0ca1381b-0d93-4f98-afd8-ecd543701119",38.9769174116549,-107.063364238478,2,2
"436-ER18",38.976571,-107.0641,"ess-dive-f782da867133296-20230504T211008637996","g1","55cf2ddd-4fff-456c-9494-cd4318a93e14",38.9765708789056,-107.064098042624,2,2
"437-ER18",38.976806,-107.06487,"ess-dive-f782da867133296-20230504T211008637996","g1","31820f89-161a-4243-9b39-784af4bde523",38.976806,-107.06487,1,1
"438-ER18",38.976789,-107.06498,"ess-dive-f782da867133296-20230504T211008637996","g1","8df69f10-c084-49bd-9077-7b055077bf54",38.976789,-107.06498,1,1
"455-ER18",NA,NA,"ess-dive-f782da867133296-20230504T211008637996","g2","cdf26176-fc71-42ca-862b-3ce3fb06bace",NA,NA,1,1
